Date ,Price,Open,High,Low,Vol.,Change ,Average
10-07-2024,70.87,72.11,72.15,70.61,4190000,-1.73,71.38
10-04-2024,72.12,73.4,73.4,71.81,2520000,-1.1,72.605
10-03-2024,72.92,72.84,73.09,72.38,2600000,-0.1,72.735
10-02-2024,72.99,73.13,73.13,72.56,1820000,-0.08,72.845
10-01-2024,73.05,73.2,73.4,72.42,3840000,0.05,72.91
09-30-2024,73.01,72.29,73.12,72.15,3370000,0.56,72.635
09-27-2024,72.6,72.84,73.1,72.33,2770000,0.06,72.715
09-26-2024,72.56,72.68,73.48,72.31,3150000,-0.66,72.895
09-25-2024,73.04,73.67,73.93,72.68,3430000,-0.86,73.305
09-24-2024,73.67,73.87,73.87,73.14,2410000,-0.46,73.505
09-23-2024,74.01,74.71,74.88,73.89,2550000,-0.38,74.385
09-20-2024,74.29,74.16,74.68,73.5,4650000,0,74.09
09-19-2024,74.29,73.78,74.36,73.25,3060000,1.91,73.805
09-18-2024,72.9,72.65,73.63,72.31,2330000,0.28,72.97
09-17-2024,72.7,73.23,73.55,72.03,2580000,-0.82,72.79
09-16-2024,73.3,73.29,73.69,73.03,2260000,0.41,73.36
09-13-2024,73,72.42,73.04,72.23,1900000,0.59,72.635
09-12-2024,72.57,72.25,72.68,71.74,2850000,0.68,72.21
09-11-2024,72.08,71.46,72.19,70.12,2120000,0.46,71.155
09-10-2024,71.75,71.74,72.21,71.11,2670000,0.14,71.66
09-09-2024,71.65,72.31,72.54,71.43,2980000,-0.42,71.985
09-06-2024,71.95,73.27,73.65,71.24,3970000,-1.98,72.445
09-05-2024,73.4,73.5,73.74,72.65,2170000,-0.11,73.195
09-04-2024,73.48,73.14,74.17,72.9,3300000,2.93,73.535
09-03-2024,71.39,71.66,71.91,71.03,2270000,-0.96,71.47
08-30-2024,72.08,71.52,72.14,71.14,3070000,1.25,71.64
08-29-2024,71.19,71.21,71.75,70.97,1780000,0.34,71.36
08-28-2024,70.95,70.99,71.33,70.72,1460000,-0.14,71.025
08-27-2024,71.05,70.53,71.16,70.49,1520000,0.65,70.825
08-26-2024,70.59,70.57,70.8,70.25,1300000,0.34,70.525
08-23-2024,70.35,70.84,70.98,69.71,1340000,-0.4,70.345
08-22-2024,70.63,70.07,70.64,70.07,1750000,0.56,70.355
08-21-2024,70.24,69.99,70.48,69.91,1530000,0.21,70.195
08-20-2024,70.09,70.07,70.19,69.6,2020000,0.17,69.895
08-19-2024,69.97,69.63,70.08,69.63,1850000,0.2,69.855
08-16-2024,69.83,69.78,69.84,69.28,1800000,0.07,69.56
08-15-2024,69.78,69.63,69.97,69.1,2530000,0.69,69.535
08-14-2024,69.3,69,69.5,68.83,2100000,0.55,69.165
08-13-2024,68.92,68.3,68.97,67.96,2010000,1.38,68.465
08-12-2024,67.98,68.09,68.41,67.61,1660000,-0.16,68.01
08-09-2024,68.09,68.05,68.17,67.45,1650000,0.07,67.81
08-08-2024,68.04,67.03,68.1,66.76,3030000,1.86,67.43
08-07-2024,66.8,66.61,67.6,66.45,2830000,0.92,67.025
08-06-2024,66.19,65.29,66.93,64.97,3720000,2.78,65.95
08-05-2024,64.4,65.73,66.29,64.33,3940000,-3.68,65.31
08-02-2024,66.86,66.63,67.32,66.24,3770000,-0.68,66.78
08-01-2024,67.32,67.83,68.53,67.02,3930000,-0.53,67.775
07-31-2024,67.68,69.13,69.45,67.64,6390000,-2.13,68.545
07-30-2024,69.15,68.33,70.01,68.26,14990000,1.81,69.135
07-29-2024,67.92,66.95,68.4,66.8,16150000,1.43,67.6
07-26-2024,66.96,67.6,67.66,66.26,3630000,-0.45,66.96
07-25-2024,67.26,65,67.77,64.72,7140000,7.22,66.245
07-24-2024,62.73,63.36,63.39,62.43,2990000,-0.63,62.91
07-23-2024,63.13,63.38,63.45,62.83,2280000,0.16,63.14
07-22-2024,63.03,63.1,63.25,62.56,1830000,0.83,62.905
07-19-2024,62.51,62.98,63.02,62.21,1510000,0.05,62.615
07-18-2024,62.48,63.44,63.51,62.41,1900000,-1.59,62.96
07-17-2024,63.49,62.95,63.6,62.87,2730000,0.3,63.235
07-16-2024,63.3,63.2,63.61,63.14,1830000,0.48,63.375
07-15-2024,63,62.8,63.21,62.6,2340000,0.48,62.905
07-12-2024,62.7,62.41,63.12,62.14,2120000,0.8,62.63
07-11-2024,62.2,62.21,62.71,62,2500000,0.92,62.355
07-10-2024,61.63,61,61.66,60.77,1630000,1.35,61.215
07-09-2024,60.81,60.7,61.03,60.46,1500000,0.61,60.745
07-08-2024,60.44,60.4,60.86,60.27,1100000,0.1,60.565
07-05-2024,60.38,60.12,60.45,59.95,825800,0.4,60.2
07-03-2024,60.14,60.15,60.6,60.08,1160000,0.3,60.34
07-02-2024,59.96,59.69,60.34,59.54,1840000,0.81,59.94
07-01-2024,59.48,60.38,60.57,59.46,2070000,-1.29,60.015
06-28-2024,60.26,60.42,60.57,59.7,4050000,0.13,60.135
06-27-2024,60.18,59.73,60.57,59.47,1970000,0.7,60.02
06-26-2024,59.76,59.5,60.1,59.44,1420000,-0.25,59.77
06-25-2024,59.91,60.08,60.17,59.68,1330000,-0.32,59.925
06-24-2024,60.1,60.28,61.1,60.08,2080000,-0.25,60.59
06-21-2024,60.25,59.2,60.33,58.76,3100000,1.72,59.545
06-20-2024,59.23,59.1,59.3,58.35,2420000,0.41,58.825
06-18-2024,58.99,58.58,59.26,58.33,1800000,0.61,58.795
06-17-2024,58.63,58.45,59.08,58.28,1740000,0.05,58.68
06-14-2024,58.6,58.77,58.9,58.44,2480000,-1.01,58.67
06-13-2024,59.2,59.56,59.7,58.99,2200000,-0.59,59.345
06-12-2024,59.55,59.69,59.79,59.13,2320000,0.9,59.46
06-11-2024,59.02,58.97,59.16,58.63,1620000,-0.47,58.895
06-10-2024,59.3,58.48,59.63,58.28,1910000,0.88,58.955
06-07-2024,58.78,58.93,59.34,58.6,2820000,-0.81,58.97
06-06-2024,59.26,59.57,59.79,59.17,1780000,-0.75,59.48
06-05-2024,59.71,59.62,59.88,58.84,1630000,0.47,59.36
06-04-2024,59.43,58.74,59.49,58.74,2500000,1.17,59.115
06-03-2024,58.74,59.3,59.33,58.29,2600000,-0.49,58.81
05-31-2024,59.03,59.24,59.7,58.53,6570000,-0.03,59.115
05-30-2024,59.05,60,60.15,58.84,2700000,-1.34,59.495
05-29-2024,59.85,59.71,60.04,59.4,2030000,-0.58,59.72
05-28-2024,60.2,62.04,62.04,60.06,1960000,-3.26,61.05
05-24-2024,62.23,61.64,62.5,61.64,1000000,1.15,62.07
05-23-2024,61.52,62.44,62.59,61.46,1590000,-1.49,62.025
05-22-2024,62.45,62.41,62.71,62.19,1380000,0.02,62.45
05-21-2024,62.44,62.45,62.86,62.19,1670000,-0.02,62.525
05-20-2024,62.45,62.72,62.9,62.3,1640000,-0.49,62.6
05-17-2024,62.76,62.25,62.79,61.83,2360000,0.85,62.31
05-16-2024,62.23,61.35,62.72,61.35,3790000,1.43,62.035
05-15-2024,61.35,60.47,61.59,60.47,2960000,1.56,61.03
05-14-2024,60.41,60.82,61,60.19,1590000,-0.35,60.595
05-13-2024,60.62,60.9,61.75,60.54,1870000,-0.07,61.145
05-10-2024,60.66,60.27,60.71,60.06,1760000,0.8,60.385
05-09-2024,60.18,59.9,60.34,59.81,1920000,0.45,60.075
05-08-2024,59.91,60.26,60.48,59.36,2590000,-1.63,59.92
05-07-2024,60.9,62.06,62.22,60.81,2580000,-1.14,61.515
05-06-2024,61.6,61.04,61.68,60.66,2920000,1.2,61.17
05-03-2024,60.87,60.54,61.16,59.7,2890000,1.33,60.43
05-02-2024,60.07,60.16,60.21,59.38,3400000,0.32,59.795
05-01-2024,59.88,59.89,60.51,59.55,2790000,0.05,60.03
04-30-2024,59.85,59.95,60.14,59.66,3700000,-0.38,59.9
04-29-2024,60.08,60,60.87,59.74,3650000,-0.07,60.305
04-26-2024,60.12,59.64,60.63,59.4,4790000,-0.28,60.015
04-25-2024,60.29,59.21,60.38,58.1,7780000,-1.97,59.24
04-24-2024,61.5,60.72,61.57,60.61,2890000,0.67,61.09
04-23-2024,61.09,61.07,61.51,60.94,2280000,-0.18,61.225
04-22-2024,61.2,60.81,61.32,60.53,2120000,1.41,60.925
04-19-2024,60.35,60.53,60.56,59.95,3080000,0.47,60.255
04-18-2024,60.07,60.43,60.5,59.89,2350000,0.1,60.195
04-17-2024,60.01,60.68,60.72,59.91,2820000,-0.03,60.315
04-16-2024,60.03,60.35,60.5,59.73,2830000,-0.27,60.115
04-15-2024,60.19,62.23,62.32,60,3250000,-2.16,61.16
04-12-2024,61.52,62.69,62.82,61.01,4150000,-2.44,61.915
04-11-2024,63.06,63.33,63.35,62.38,3720000,0.08,62.865
04-10-2024,63.01,62.82,63.6,62.22,2680000,-0.87,62.91
04-09-2024,63.56,63.73,64.25,62.61,4490000,2.29,63.43
04-08-2024,62.14,62.32,62.49,61.86,2450000,0.16,62.175
04-05-2024,62.04,61.05,62.06,60.92,1930000,1.6,61.49
04-04-2024,61.06,62,62.4,60.84,2090000,-0.84,61.62
04-03-2024,61.58,61.4,61.99,61.3,2250000,0.41,61.645
04-02-2024,61.33,61.75,61.81,60.87,3220000,-1.54,61.34
04-01-2024,62.29,62.97,63.04,62.21,2310000,-1.28,62.625
03-28-2024,63.1,63.51,63.52,62.82,2790000,0.16,63.17
03-27-2024,63,62.59,63.08,62.13,3040000,1.24,62.605
03-26-2024,62.23,62.16,62.85,61.95,4480000,1.92,62.4
03-25-2024,61.06,61.51,61.82,61.01,2200000,-0.92,61.415
03-22-2024,61.63,61.84,62.28,61.47,5190000,-0.34,61.875
03-21-2024,61.84,61.16,63.05,60.96,15430000,1.58,62.005
03-20-2024,60.88,59.93,61.52,59.61,18270000,-2.53,60.565
03-19-2024,62.46,60.48,62.56,60.22,5250000,3.6,61.39
03-18-2024,60.29,59.94,60.71,59.74,3320000,1.02,60.225
03-15-2024,59.68,57.96,59.85,57.96,3530000,1.69,58.905
03-14-2024,58.69,59.44,59.55,58.24,2100000,-1.43,58.895
03-13-2024,59.54,59.71,59.83,59.14,2170000,-0.33,59.485
03-12-2024,59.74,59.94,60.53,59.73,3480000,-0.48,60.13
03-11-2024,60.03,60.09,60.41,59.51,2320000,0.03,59.96
03-08-2024,60.01,59.3,60.55,58.83,4230000,1.49,59.69
03-07-2024,59.13,58.3,59.21,58.15,3980000,2.14,58.68
03-06-2024,57.89,57.13,57.93,56.75,3830000,1.69,57.34
03-05-2024,56.93,57,58.46,56.9,3500000,-0.07,57.68
03-04-2024,56.97,56.52,57.13,56.3,3620000,0.78,56.715
03-01-2024,56.53,56.29,56.67,55.51,3170000,0.59,56.09
02-29-2024,56.2,56.67,56.68,56.08,4020000,-0.21,56.38
02-28-2024,56.32,56.31,56.64,56.2,1920000,-0.09,56.42
02-27-2024,56.37,56.28,56.48,56.08,1770000,0.32,56.28
02-26-2024,56.19,56.47,56.63,55.82,1910000,-0.81,56.225
02-23-2024,56.65,56.85,56.87,56.35,1350000,0.16,56.61
02-22-2024,56.56,56.26,56.81,56.24,2040000,0.93,56.525
02-21-2024,56.04,55.39,56.06,55.11,2210000,0.9,55.585
02-20-2024,55.54,55,55.6,54.9,2750000,0.22,55.25
02-16-2024,55.42,55.45,55.81,55.2,2040000,-0.13,55.505
02-15-2024,55.49,55.93,56.31,55.02,4040000,-0.57,55.665
02-14-2024,55.81,56.06,56.19,55.35,2660000,0.2,55.77
02-13-2024,55.7,56.22,56.24,55.17,3180000,-1.99,55.705
02-12-2024,56.83,57.32,57.38,56.72,2150000,-0.73,57.05
02-09-2024,57.25,56.88,57.35,56.65,1300000,0.86,57
02-08-2024,56.76,56.7,57.18,56.67,1360000,-0.26,56.925
02-07-2024,56.91,56.74,57.06,56.32,1880000,1.05,56.69
02-06-2024,56.32,55.83,56.46,55.76,4260000,0.61,56.11
02-05-2024,55.98,56.24,56.39,55.73,2240000,-1.18,56.06
02-02-2024,56.65,56.92,57.41,56.32,2560000,-0.77,56.865
02-01-2024,57.09,57.54,57.74,56.28,2880000,-1.18,57.01
01-31-2024,57.77,58.6,60.72,57.51,4310000,-1.16,59.115
01-30-2024,58.45,58.11,58.61,58.08,2500000,0.34,58.345
01-29-2024,58.25,58.32,58.5,57.55,2380000,-0.63,58.025
01-26-2024,58.62,58.4,58.71,58.1,1680000,0.43,58.405
01-25-2024,58.37,58.46,58.59,57.44,1670000,0.29,58.015
01-24-2024,58.2,58.73,58.86,58.15,1920000,-0.31,58.505
01-23-2024,58.38,58.26,58.82,58.03,1800000,0.38,58.425
01-22-2024,58.16,58.13,58.45,57.69,2020000,0.54,58.07
01-19-2024,57.85,57.03,57.98,56.9,2180000,1.79,57.44
01-18-2024,56.83,56.24,56.89,55.9,1860000,1.28,56.395
01-17-2024,56.11,55.98,56.45,55.83,2940000,-0.62,56.14
01-16-2024,56.46,56.5,57.34,56.33,3530000,-0.83,56.835
01-12-2024,56.93,56.95,57.01,56.38,1840000,0.69,56.695
01-11-2024,56.54,56.97,57.1,56.28,2190000,-0.62,56.69
01-10-2024,56.89,56.48,56.94,56.19,2960000,0.92,56.565
01-09-2024,56.37,56.56,56.67,56.26,2460000,-0.6,56.465
01-08-2024,56.71,55.77,56.74,55.76,3020000,1.87,56.25
01-05-2024,55.67,56.01,56.19,55.44,1980000,-0.64,55.815
01-04-2024,56.03,56.01,56.53,56.01,2140000,0.07,56.27
01-03-2024,55.99,56.51,56.78,55.85,2490000,-1.6,56.315
01-02-2024,56.9,58,58,56.62,1950000,-2.13,57.31
12-29-2023,58.14,58.2,58.35,57.79,1520000,-0.17,58.07
12-28-2023,58.24,57.99,58.37,57.99,1190000,0.43,58.18
12-27-2023,57.99,57.59,58.02,57.42,1350000,0.62,57.72
12-26-2023,57.63,57.04,57.7,56.95,1340000,1.03,57.325
12-22-2023,57.04,56.36,57.15,56.17,2330000,1.69,56.66
12-21-2023,56.09,55.31,56.12,55.13,1830000,1.7,55.625
12-20-2023,55.15,55.74,56.17,55.12,2050000,-1.09,55.645
12-19-2023,55.76,55.53,55.78,55.18,2070000,0.69,55.48
12-18-2023,55.38,55,55.56,54.62,2620000,1.17,55.09
12-15-2023,54.74,55.31,55.64,54.54,5720000,-2.44,55.09
12-14-2023,56.11,56.93,57.72,55.94,4170000,-0.5,56.83
12-13-2023,56.39,54.23,56.44,54.03,4220000,4.1,55.235
12-12-2023,54.17,54.39,54.45,53.87,2720000,-0.09,54.16
12-11-2023,54.22,54.16,54.36,53.92,2780000,0.46,54.14
12-08-2023,53.97,54.06,54.39,53.62,2070000,-0.3,54.005
12-07-2023,54.13,55.05,55.19,54.04,2880000,-3.06,54.615
12-06-2023,55.84,55.9,56.32,55.72,2440000,0.22,56.02
12-05-2023,55.72,56.1,56.18,55.32,2670000,-0.91,55.75
12-04-2023,56.23,55.71,56.61,55.71,4010000,0.59,56.16
12-01-2023,55.9,55.75,56.25,55.61,2170000,0.11,55.93
11-30-2023,55.84,55.81,55.93,55.15,4480000,0.25,55.54
11-29-2023,55.7,55.7,56.15,55.56,2910000,0.22,55.855
11-28-2023,55.58,55.07,55.87,55.04,2410000,0.8,55.455
11-27-2023,55.14,55.26,55.3,54.97,1790000,-0.29,55.135
11-24-2023,55.3,55.16,55.4,55.01,879710,0.31,55.205
11-22-2023,55.13,54.8,55.23,54.8,1940000,0.93,55.015
11-21-2023,54.62,54.06,54.76,53.92,1760000,0.89,54.34
11-20-2023,54.14,53.5,54.38,53.36,2410000,1.23,53.87
11-17-2023,53.48,53.61,53.78,53.36,1820000,-0.11,53.57
11-16-2023,53.54,53.41,53.83,53.37,1880000,0.41,53.6
11-15-2023,53.32,53.4,53.75,53.17,2500000,0.4,53.46
11-14-2023,53.11,52.44,53.43,52.32,2440000,1.96,52.875
11-13-2023,52.09,51.88,52.19,51.72,1650000,-0.04,51.955
11-10-2023,52.11,51.58,52.25,51.42,1850000,1.34,51.835
11-09-2023,51.42,52,52.03,51.3,2090000,-0.62,51.665
11-08-2023,51.74,51.31,52.08,51.2,2530000,1.07,51.64
11-07-2023,51.19,50.92,51.58,50.6,2260000,0.91,51.09
11-06-2023,50.73,50.1,51.22,50.05,2650000,1.02,50.635
11-03-2023,50.22,50.15,50.51,49.83,2020000,0.72,50.17
11-02-2023,49.86,49.02,49.87,48.82,2640000,2.36,49.345
11-01-2023,48.71,49.79,49.86,48.47,2390000,-1.79,49.165
10-31-2023,49.6,49.06,49.65,48.88,1750000,1.41,49.265
10-30-2023,48.91,47.78,49.04,47.72,2390000,2.77,48.38
10-27-2023,47.59,49.32,49.41,47.56,2970000,-4.25,48.485
10-26-2023,49.7,49.62,50.53,49.62,1920000,0.42,50.075
10-25-2023,49.49,49.4,49.87,48.92,1970000,0.06,49.395
10-24-2023,49.46,50.07,50.38,49.12,2030000,-0.72,49.75
10-23-2023,49.82,50.3,50.54,49.77,2020000,-1.54,50.155
10-20-2023,50.6,51.3,51.54,50.38,2800000,-1.35,50.96
10-19-2023,51.29,52.02,52.04,51.28,2920000,-1.21,51.66
10-18-2023,51.92,51.29,53.3,50.87,6690000,3.99,52.085
10-17-2023,49.93,50.3,50.71,49.87,3690000,-0.74,50.29
10-16-2023,50.3,49.75,50.38,49.66,2300000,1.88,50.02
10-13-2023,49.37,49.53,49.58,49.06,1540000,0.1,49.32
10-12-2023,49.32,49.72,49.95,49.13,2160000,-0.68,49.54
10-11-2023,49.66,49.87,50.04,49.4,2150000,-0.42,49.72
10-10-2023,49.87,49.85,50.1,49.23,2300000,0.28,49.665
10-09-2023,49.73,49.41,49.92,49.36,1580000,0.24,49.64
10-06-2023,49.61,48.9,49.81,48.86,1960000,1.2,49.335
10-05-2023,49.02,48.78,49.19,48.58,2090000,0.49,48.885
10-04-2023,48.78,47.38,48.87,47.38,3320000,3.24,48.125
10-03-2023,47.25,47.92,48,46.88,3530000,-2.42,47.44
10-02-2023,48.42,48.53,48.54,48.07,3120000,-0.35,48.305
09-29-2023,48.59,49.25,49.27,48.34,1710000,-0.67,48.805
09-28-2023,48.92,48.39,49.3,48.39,2040000,1.22,48.845
09-27-2023,48.33,48.23,48.55,47.89,2020000,0.73,48.22
09-26-2023,47.98,48.16,48.51,47.88,1880000,-1.36,48.195
09-25-2023,48.64,48.48,48.68,48.19,1660000,-0.06,48.435
09-22-2023,48.67,48.88,49.18,48.62,1640000,-0.35,48.9
09-21-2023,48.84,50.33,50.36,48.83,2290000,-3.42,49.595
09-20-2023,50.57,51.14,51.33,50.53,1620000,-0.71,50.93
09-19-2023,50.93,51,51.38,50.76,2450000,-0.18,51.07
09-18-2023,51.02,50.66,51.15,50.53,1490000,0.49,50.84
09-15-2023,50.77,51.47,51.67,50.76,2700000,-1.36,51.215
09-14-2023,51.47,51.09,51.49,50.88,1830000,0.72,51.185
09-13-2023,51.1,51.47,51.57,50.92,1980000,-0.72,51.245
09-12-2023,51.47,51.24,51.58,51.21,1530000,0.19,51.395
09-11-2023,51.37,51.69,51.78,51.08,1660000,-0.12,51.43
09-08-2023,51.43,51.66,51.76,51.27,3020000,-0.45,51.515
09-07-2023,51.66,51.51,51.7,51.21,2110000,0.16,51.455
09-06-2023,51.58,50.86,52.03,50.68,2490000,1.72,51.355
09-05-2023,50.71,51.8,51.86,50.65,3210000,-2.37,51.255
09-01-2023,51.94,52.65,52.72,51.81,2940000,-1.03,52.265
08-31-2023,52.48,52.76,53.06,52.35,2860000,-0.34,52.705
08-30-2023,52.66,53.28,53.48,52.48,2150000,-1.27,52.98
08-29-2023,53.34,53.35,54.15,52.95,1680000,0.32,53.55
08-28-2023,53.17,52.82,53.49,52.75,1630000,0.83,53.12
08-25-2023,52.73,52.39,52.95,52.19,1870000,0.76,52.57
08-24-2023,52.33,52.7,53.44,52.3,2140000,-0.61,52.87
08-23-2023,52.65,52,52.72,51.67,2320000,1.33,52.195
08-22-2023,51.96,51.95,52.1,51.63,2590000,0.33,51.865
08-21-2023,51.79,51.8,51.95,51.27,2300000,-0.02,51.61
08-18-2023,51.8,51.32,51.9,51.19,3380000,0.25,51.545
08-17-2023,51.67,50.95,52.28,50.9,5210000,1.61,51.59
08-16-2023,50.85,50.3,51.14,50.18,2460000,0.55,50.66
08-15-2023,50.57,50.92,51.11,50.44,1950000,-1,50.775
08-14-2023,51.08,50.96,51.33,50.91,2680000,0.24,51.12
08-11-2023,50.96,51.4,51.89,50.91,2660000,-1.07,51.4
08-10-2023,51.51,50.63,51.79,50.54,3540000,2.08,51.165
08-09-2023,50.46,49.88,50.67,49.82,2650000,0.84,50.245
08-08-2023,50.04,49.67,50.28,49.4,2250000,0.08,49.84
08-07-2023,50,49.66,50.1,49.63,1730000,1.11,49.865
08-04-2023,49.45,49.53,50.31,49.38,2010000,0.14,49.845
08-03-2023,49.38,49.56,49.64,49.1,2660000,-0.58,49.37
08-02-2023,49.67,49.83,50.07,49.5,2190000,-1.13,49.785
08-01-2023,50.24,50.31,50.46,50.08,2070000,-0.5,50.27
07-31-2023,50.49,50.69,50.71,50.28,2750000,0,50.495
07-28-2023,50.49,50.31,50.65,50.01,1830000,0.44,50.33
07-27-2023,50.27,50.88,51.55,50.13,2080000,-1.28,50.84
07-26-2023,50.92,50.94,51.33,50.72,2500000,-0.29,51.025
07-25-2023,51.07,51.03,51.36,50.9,2820000,0.04,51.13
07-24-2023,51.05,50.9,51.25,50.58,3490000,0.67,50.915
07-21-2023,50.71,50.05,50.9,49.61,11490000,2.22,50.255
07-20-2023,49.61,50.66,50.66,49.15,4730000,-1.63,49.905
07-19-2023,50.43,51.65,52.55,50.32,5670000,-1.85,51.435
07-18-2023,51.38,51.04,51.5,50.83,5440000,0.94,51.165
07-17-2023,50.9,50.54,50.97,50.12,3630000,0.57,50.545
07-14-2023,50.61,51.37,51.6,50.54,3230000,-1.09,51.07
07-13-2023,51.17,50.16,51.28,50.09,3140000,2.34,50.685
07-12-2023,50,50.07,50.28,49.83,2990000,0.58,50.055
07-11-2023,49.71,49.06,49.75,48.98,3790000,1.24,49.365
07-10-2023,49.1,49,49.42,48.84,5550000,0.27,49.13
07-07-2023,48.97,48.88,49.27,48.65,3140000,-0.04,48.96
07-06-2023,48.99,49.42,49.56,48.9,3620000,-1.86,49.23
07-05-2023,49.92,49.69,50,49.34,3630000,0.44,49.67
07-03-2023,49.7,49.68,50.09,49.31,2000000,-0.3,49.7
06-30-2023,49.85,50.13,50.43,49.81,3750000,0,50.12
06-29-2023,49.85,49.49,49.85,49.33,2880000,0.54,49.59
06-28-2023,49.58,49.85,50.04,49.4,4810000,-0.48,49.72
06-27-2023,49.82,49.53,50.16,49.32,4140000,0.42,49.74
06-26-2023,49.61,49.67,49.75,49.33,3200000,-0.06,49.54
06-23-2023,49.64,49.35,49.74,48.95,5620000,0.18,49.345
06-22-2023,49.55,50.33,50.41,49.47,4620000,-2,49.94
06-21-2023,50.56,51.59,51.59,50.22,4010000,-2.05,50.905
06-20-2023,51.62,50.85,51.66,50.46,4600000,0.78,51.06
06-16-2023,51.22,52.64,52.64,51.1,7420000,-2.01,51.87
06-15-2023,52.27,50.9,52.52,50.83,4260000,2.17,51.675
06-14-2023,51.16,51.05,51.94,50.63,7440000,0.2,51.285
06-13-2023,51.06,51.47,51.8,50.84,6390000,0.12,51.32
06-12-2023,51,52.1,53.45,50.03,16730000,-11.81,51.74
06-09-2023,57.83,57.82,57.88,57.45,1570000,0.28,57.665
06-08-2023,57.67,56.79,57.76,56.56,2840000,1.09,57.16
06-07-2023,57.05,57.4,58.03,57.02,3610000,-0.14,57.525
06-06-2023,57.13,56.02,57.22,55.9,2750000,1.98,56.56
06-05-2023,56.02,56.25,56.35,55.72,2420000,-0.55,56.035
06-02-2023,56.33,55.25,56.47,55.25,2580000,2.36,55.86
06-01-2023,55.03,55.2,55.49,54.9,2640000,-0.58,55.195
05-31-2023,55.35,54.92,55.62,54.36,7540000,0.73,54.99
05-30-2023,54.95,54.42,55.02,54.27,3820000,1.35,54.645
05-26-2023,54.22,53.04,54.45,52.99,3540000,1.96,53.72
05-25-2023,53.18,53.68,53.78,53.08,2290000,-1.26,53.43
05-24-2023,53.86,54.01,54.17,53.65,1660000,-0.99,53.91
05-23-2023,54.4,55.32,55.38,54.21,1940000,-1.91,54.795
05-22-2023,55.46,55.32,55.71,55.03,1440000,0.25,55.37
05-19-2023,55.32,55.35,55.67,54.94,1680000,0.18,55.305
05-18-2023,55.22,54.98,55.3,54.47,1620000,0.53,54.885
05-17-2023,54.93,54.68,55.01,53.94,1860000,0.72,54.475
05-16-2023,54.54,54.87,55.01,54.54,1210000,-1.14,54.775
05-15-2023,55.17,55.3,55.53,55,1220000,0.05,55.265
05-12-2023,55.14,55.4,55.66,54.99,2230000,-0.14,55.325
05-11-2023,55.22,55.07,55.26,54.49,1390000,0.04,54.875
05-10-2023,55.2,55.14,55.27,54.47,1780000,1.17,54.87
05-09-2023,54.56,54.67,55.07,54.55,1040000,-0.66,54.81
05-08-2023,54.92,55,55.14,54.64,1910000,0,54.89
05-05-2023,54.92,54.29,55,54.23,1980000,2.1,54.615
05-04-2023,53.79,53.53,53.98,53.38,1620000,0.43,53.68
05-03-2023,53.56,54.46,54.85,53.51,1610000,-1.31,54.18
05-02-2023,54.27,54.69,54.81,53.41,1750000,-1.42,54.11
05-01-2023,55.05,55.24,55.41,54.9,1240000,-0.58,55.155
04-28-2023,55.37,54.63,55.41,54.54,2270000,1,54.975
04-27-2023,54.82,54.24,54.93,54.02,1590000,1.27,54.475
04-26-2023,54.13,54.94,55.28,53.85,2080000,-2.06,54.565
04-25-2023,55.27,56.3,56.43,55.21,2100000,-2.32,55.82
04-24-2023,56.58,57.09,57.21,56.19,1780000,-0.68,56.7
04-21-2023,56.97,56.34,57,56.12,3160000,0.85,56.56
04-20-2023,56.49,57.38,57.4,56.06,3450000,-1.52,56.73
04-19-2023,57.36,57,57.99,56.83,5780000,3.15,57.41
04-18-2023,55.61,55.73,56.21,55.51,3630000,-0.29,55.86
04-17-2023,55.77,54.87,55.9,54.86,3200000,1.11,55.38
04-14-2023,55.16,55.5,55.6,54.88,6010000,-0.72,55.24
04-13-2023,55.56,54.89,55.65,54.67,3510000,1.22,55.16
04-12-2023,54.89,54.77,55.38,54.67,2940000,0.99,55.025
04-11-2023,54.35,54.38,54.7,54.1,2570000,-0.06,54.4
04-10-2023,54.38,54.44,54.72,53.97,1640000,-0.95,54.345
04-06-2023,54.9,54.63,55.04,54.37,2440000,0.62,54.705
04-05-2023,54.56,54.66,55.08,54.29,2930000,-0.26,54.685
04-04-2023,54.7,54.43,54.94,54.24,2520000,0.55,54.59
04-03-2023,54.4,54.37,54.6,54.03,3160000,-0.49,54.315
03-31-2023,54.67,54.37,54.7,54.03,2900000,1.18,54.365
03-30-2023,54.03,54.32,54.79,53.94,2600000,-0.11,54.365
03-29-2023,54.09,53.47,54.28,53.35,2120000,2.17,53.815
03-28-2023,52.94,53,53.24,52.63,2570000,-0.58,52.935
03-27-2023,53.25,53.61,53.7,53.12,1330000,0.34,53.41
03-24-2023,53.07,52.05,53.07,52,2890000,1.1,52.535
03-23-2023,52.49,52.82,53.1,52.12,2830000,-0.85,52.61
03-22-2023,52.94,54.01,54.43,52.93,2310000,-1.98,53.68
03-21-2023,54.01,53.69,54.28,53.35,2610000,2.06,53.815
03-20-2023,52.92,52.67,53.22,52.54,2830000,0.32,52.88
03-17-2023,52.75,53.19,53.85,52.15,5550000,-0.68,53
03-16-2023,53.11,51.47,53.55,51.1,2860000,2.31,52.325
03-15-2023,51.91,51.69,52.46,51.46,2630000,-1.61,51.96
03-14-2023,52.76,53.22,53.64,52.44,2750000,1.52,53.04
03-13-2023,51.97,52.46,53.03,51.93,3740000,-1.2,52.48
03-10-2023,52.6,53.9,53.9,52.2,3460000,-3.17,53.05
03-09-2023,54.32,55.25,55.39,54.09,2520000,-1.47,54.74
03-08-2023,55.13,55,55.4,54.82,1860000,0.22,55.11
03-07-2023,55.01,55.96,56.22,54.95,1910000,-1.89,55.585
03-06-2023,56.07,56.34,56.71,55.96,2280000,-0.27,56.335
03-03-2023,56.22,56.25,56.33,55.8,2370000,0.39,56.065
03-02-2023,56,55.09,56.11,55.06,2040000,0.81,55.585
03-01-2023,55.55,55.79,56.25,55.41,2270000,-0.91,55.83
02-28-2023,56.06,56.39,56.48,55.98,3280000,-0.51,56.23
02-27-2023,56.35,57.61,57.75,56.34,1330000,-1.23,57.045
02-24-2023,57.05,56.84,57.12,56.58,1160000,-0.26,56.85
02-23-2023,57.2,57.24,57.53,56.57,1910000,0.18,57.05
02-22-2023,57.1,56.96,57.23,56.54,2670000,0.56,56.885
02-21-2023,56.78,57.93,58.02,56.51,3090000,-3.04,57.265
02-17-2023,58.56,58.25,58.64,58.08,1150000,0.21,58.36
02-16-2023,58.44,58.87,59.1,58.38,1170000,-1.22,58.74
02-15-2023,59.16,58.31,59.22,58.27,1730000,0.92,58.745
02-14-2023,58.62,59.54,59.97,58.43,1870000,-1.63,59.2
02-13-2023,59.59,59.89,60.14,59.16,1970000,-0.05,59.65
02-10-2023,59.62,58.6,59.65,58.51,2040000,1.09,59.08
02-09-2023,58.98,59.84,59.99,58.78,1590000,-1.11,59.385
02-08-2023,59.64,59.8,60.09,59.44,1850000,-0.52,59.765
02-07-2023,59.95,59.3,60.19,58.7,2480000,1.1,59.445
02-06-2023,59.3,60.03,60.28,59.21,1490000,-2.06,59.745
02-03-2023,60.55,59.9,60.99,59.83,1640000,-0.03,60.41
02-02-2023,60.57,59.74,60.65,59.64,2330000,1.8,60.145
02-01-2023,59.5,60.19,60.35,58.97,2490000,-1.15,59.66
01-31-2023,60.19,59.85,60.19,59.37,2590000,0.91,59.78
01-30-2023,59.65,60.48,60.62,59.32,2270000,-1.4,59.97
01-27-2023,60.5,59.81,60.67,59.62,3120000,0.65,60.145
01-26-2023,60.11,57.88,60.17,57.49,4700000,3.1,58.83
01-25-2023,58.3,58.95,58.95,55.9,8210000,-5.85,57.425
01-24-2023,61.92,62.42,62.51,61.76,3400000,-0.64,62.135
01-23-2023,62.32,61.91,62.79,61.53,2230000,0.42,62.16
01-20-2023,62.06,61,62.12,60.64,2770000,1.74,61.38
01-19-2023,61,62.17,62.52,60.95,1620000,-2.87,61.735
01-18-2023,62.8,63.45,63.9,62.71,3290000,-0.9,63.305
01-17-2023,63.37,63.15,63.72,62.84,2910000,0.03,63.28
01-13-2023,63.35,62.42,63.67,62.31,2880000,0.57,62.99
01-12-2023,62.99,63.16,63.25,62.18,2560000,-0.05,62.715
01-11-2023,63.02,62.73,63.34,62.73,2480000,0.77,63.035
01-10-2023,62.54,62.48,63.08,62.23,1290000,-0.11,62.655
01-09-2023,62.61,61.93,63.21,61.76,2470000,1.56,62.485
01-06-2023,61.65,60.9,61.81,60.51,1540000,2.34,61.16
01-05-2023,60.24,61.22,61.37,60.12,1720000,-2.29,60.745
01-04-2023,61.65,62.23,62.66,61.37,2090000,-0.18,62.015
01-03-2023,61.76,61.53,61.86,61.05,1600000,0.67,61.455
12-30-2022,61.35,61.4,61.56,60.74,1190000,-0.84,61.15
12-29-2022,61.87,61.27,62.12,61.22,920190,1.93,61.67
12-28-2022,60.7,61.22,61.64,60.63,1020000,-0.46,61.135
12-27-2022,60.98,61.33,61.47,60.7,1120000,-0.49,61.085
12-23-2022,61.28,60.9,61.56,60.62,735810,0.36,61.09
12-22-2022,61.06,61.14,61.14,60.07,1370000,-0.73,60.605
12-21-2022,61.51,60.45,61.86,60.29,1510000,2.31,61.075
12-20-2022,60.12,60.46,60.69,60.06,1940000,-0.56,60.375
12-19-2022,60.46,60.42,60.9,60.09,2360000,-0.26,60.495
12-16-2022,60.62,61.03,61.48,60.54,4150000,-1.81,61.01
12-15-2022,61.74,62.87,63.34,61.53,2990000,-2.91,62.435
12-14-2022,63.59,65.12,65.36,63.1,4220000,-2.15,64.23
12-13-2022,64.99,66.14,66.69,64.54,2250000,0.48,65.615
12-12-2022,64.68,63.08,64.7,63,2200000,2.34,63.85
12-09-2022,63.2,63.85,64.21,63.14,2710000,-1.54,63.675
12-08-2022,64.19,65,65.46,63.94,2670000,-1,64.7
12-07-2022,64.84,66.9,67.47,64.7,3260000,-3.24,66.085
12-06-2022,67.01,67.84,68.1,66.57,2160000,-1.25,67.335
12-05-2022,67.86,68.75,68.82,67.57,1800000,-1.62,68.195
12-02-2022,68.98,67.74,69.22,67.72,1130000,0.72,68.47
12-01-2022,68.49,68.57,69.11,68.13,1090000,0.04,68.62
11-30-2022,68.46,66.28,68.91,66.13,4030000,3.57,67.52
11-29-2022,66.1,66.15,66.73,65.93,1720000,-0.26,66.33
11-28-2022,66.27,66.81,67.18,66.2,1450000,-1.31,66.69
11-25-2022,67.15,67.13,67.61,66.74,605040,0.03,67.175
11-23-2022,67.13,66.45,67.73,66.45,1170000,0.92,67.09
11-22-2022,66.52,66.16,66.63,65.87,1880000,0.85,66.25
11-21-2022,65.96,65.56,66.25,65.19,1470000,0.67,65.72
11-18-2022,65.52,65.49,65.64,64.64,3450000,1.02,65.14
11-17-2022,64.86,64.85,65.08,64.06,1410000,-0.76,64.57
11-16-2022,65.36,64.86,65.69,64.86,1300000,0.88,65.275
11-15-2022,64.79,66.71,66.99,64.46,2370000,-1.89,65.725
11-14-2022,66.04,66.06,67.12,65.68,1820000,-0.54,66.4
11-11-2022,66.4,66.53,66.9,65.94,1800000,0.29,66.42
11-10-2022,66.21,65.25,66.34,64.54,2350000,4.09,65.44
11-09-2022,63.61,64.51,65.25,63.47,3020000,-1.49,64.36
11-08-2022,64.57,62.86,65.66,62.53,3370000,3.46,64.095
11-07-2022,62.41,62.09,62.45,61.5,2050000,0.82,61.975
11-04-2022,61.9,61.96,62.12,60.6,1670000,0.54,61.36
11-03-2022,61.57,60.26,62.21,60.21,1810000,1.4,61.21
11-02-2022,60.72,61.81,62.75,60.7,1860000,-2.61,61.725
11-01-2022,62.35,62.57,62.97,61.8,1720000,0.18,62.385
10-31-2022,62.24,62,62.52,61.85,2620000,-0.06,62.185
10-28-2022,62.28,60.82,62.33,60.42,1580000,2.69,61.375
10-27-2022,60.65,60.39,61.45,60.38,1640000,1.03,60.915
10-26-2022,60.03,60.68,61.16,59.94,2430000,-0.86,60.55
10-25-2022,60.55,59.15,60.68,59.13,2130000,3.03,59.905
10-24-2022,58.77,58.04,59.48,57.93,1510000,1.78,58.705
10-21-2022,57.74,56.86,57.85,56.02,2380000,1.58,56.935
10-20-2022,56.84,56.19,57.12,55.94,2140000,1.5,56.53
10-19-2022,56,56.97,57.47,55.49,2630000,-2.12,56.48
10-18-2022,57.21,57.84,58.13,56.77,2810000,0.81,57.45
10-17-2022,56.75,55.47,57.4,55.47,2740000,3.65,56.435
10-14-2022,54.75,57.97,58.21,54.66,3430000,-6.49,56.435
10-13-2022,58.55,56.44,58.68,55.82,2260000,1.68,57.25
10-12-2022,57.58,58.14,58.25,57.56,1240000,-0.9,57.905
10-11-2022,58.1,57.59,58.71,57.32,1910000,0.69,58.015
10-10-2022,57.7,57.92,58,57.12,1150000,0.07,57.56
10-07-2022,57.66,58.98,59.1,57.31,1520000,-3.11,58.205
10-06-2022,59.51,59.7,60.4,59.42,1510000,-0.35,59.91
10-05-2022,59.72,59.45,60.29,58.96,1910000,-0.3,59.625
10-04-2022,59.9,59.22,59.97,59.01,1810000,2.69,59.49
10-03-2022,58.33,56.97,58.4,56.6,1860000,2.91,57.5
09-30-2022,56.68,57.29,58.04,56.51,2020000,-0.75,57.275
09-29-2022,57.11,57.96,58.03,56.79,2180000,-2.07,57.41
09-28-2022,58.32,57.25,58.59,56.91,2010000,2.39,57.75
09-27-2022,56.96,57.01,57.31,56.37,1700000,0.69,56.84
09-26-2022,56.57,56.9,57.14,56.29,1770000,-0.63,56.715
09-23-2022,56.93,57.1,57.28,56.2,1920000,-0.82,56.74
09-22-2022,57.4,58.28,58.37,56.89,1790000,-2,57.63
09-21-2022,58.57,59.71,60.42,58.57,1810000,-1.06,59.495
09-20-2022,59.2,60.37,60.57,58.8,1970000,-2.52,59.685
09-19-2022,60.73,60.51,60.83,60.21,1470000,-0.46,60.52
09-16-2022,61.01,61.04,61.15,60.14,3540000,-0.16,60.645
09-15-2022,61.11,61.8,62.21,61.03,1480000,-1.48,61.62
09-14-2022,62.03,62.31,62.86,61.46,1680000,0.29,62.16
09-13-2022,61.85,62.87,63.03,61.55,1620000,-3.53,62.29
09-12-2022,64.11,63.49,64.13,63.21,1690000,1.34,63.67
09-09-2022,63.26,63.1,63.58,63,1280000,0.27,63.29
09-08-2022,63.09,62.02,63.13,61.98,2150000,1.07,62.555
09-07-2022,62.42,60.66,62.46,60.66,1720000,2.97,61.56
09-06-2022,60.62,59.75,60.66,59.53,1970000,1.58,60.095
09-02-2022,59.68,60.41,61.24,59.5,1570000,-0.52,60.37
09-01-2022,59.99,59.03,60.06,58.8,1880000,0.77,59.43
08-31-2022,59.53,59.9,60.26,59.33,3370000,-0.12,59.795
08-30-2022,59.6,60.16,60.45,59.37,2040000,-0.17,59.91
08-29-2022,59.7,60.32,60.82,59.64,1740000,-1.63,60.23
08-26-2022,60.69,62.41,62.57,60.67,1780000,-2.74,61.62
08-25-2022,62.4,62.12,62.55,61.87,992840,0.52,62.21
08-24-2022,62.07,61.48,62.22,61.44,2080000,1.03,61.83
08-23-2022,61.44,61.39,61.8,61.04,1870000,-0.81,61.42
08-22-2022,61.94,62.04,62.59,61.69,1830000,-0.68,62.14
08-19-2022,62.37,63.45,63.45,62.12,2970000,-2.61,62.785
08-18-2022,64.04,64.47,64.66,63.54,1770000,-0.86,64.1
08-17-2022,64.59,63.79,64.79,63.64,1910000,1.14,64.215
08-16-2022,63.86,63.9,63.98,63.16,1930000,-0.19,63.57
08-15-2022,63.98,63.25,64.78,63,2130000,0.8,63.89
08-12-2022,63.47,62.79,63.51,62.41,1430000,2.06,62.96
08-11-2022,62.19,62.42,62.66,61.98,1330000,-0.02,62.32
08-10-2022,62.2,61.76,62.42,61.68,2000000,1.87,62.05
08-09-2022,61.06,60.8,61.17,60.67,1350000,0.18,60.92
08-08-2022,60.95,60.7,61.32,60.58,1030000,0.43,60.95
08-05-2022,60.69,60.5,60.94,60.14,1460000,-0.39,60.54
08-04-2022,60.93,60.24,61.04,60.22,1960000,1.45,60.63
08-03-2022,60.06,59.69,60.24,59.46,1860000,0.83,59.85
08-02-2022,59.56,59.39,59.9,59.06,2000000,-0.1,59.48
08-01-2022,59.62,59.76,60.27,59.43,1900000,-1.13,59.85
07-29-2022,60.3,59.72,60.45,59.56,2260000,0.82,60.005
07-28-2022,59.81,58.14,60.09,57.97,3230000,3.12,59.03
07-27-2022,58,57.99,58.33,57.6,2540000,0.57,57.965
07-26-2022,57.67,56.96,57.76,56.67,3320000,0.59,57.215
07-25-2022,57.33,57.58,58,56.93,2980000,-0.35,57.465
07-22-2022,57.53,58.02,58.3,57.16,4150000,-0.8,57.73
07-21-2022,58,56.53,58.02,56.14,3720000,2.93,57.08
07-20-2022,56.35,54.18,56.66,54.17,4930000,6.1,55.415
07-19-2022,53.11,52.16,53.28,51.98,2210000,2.93,52.63
07-18-2022,51.59,52.59,52.82,51.43,2060000,-1.46,52.125
07-15-2022,52.36,51.43,52.36,51.43,1930000,2.31,51.895
07-14-2022,51.17,50.77,51.34,50.51,1890000,-0.53,50.925
07-13-2022,51.45,50.79,51.75,50.77,1590000,-0.28,51.26
07-12-2022,51.59,52.59,53.32,51.44,3580000,-1.81,52.38
07-11-2022,52.54,52.01,52.77,51.81,1980000,0.68,52.29
07-08-2022,52.19,52.15,52.49,51.79,2110000,-0.09,52.14
07-07-2022,52.23,52.17,52.63,51.93,2160000,-0.06,52.28
07-06-2022,52.26,52.74,53.31,52.16,2730000,-0.44,52.735
07-05-2022,52.5,51.67,52.58,51.2,2410000,1.22,51.89
07-01-2022,51.86,50.77,52.04,50.66,2650000,2,51.35
06-30-2022,50.85,50.52,51.34,50.33,2360000,-0.34,50.835
06-29-2022,51.02,51.52,51.67,50.63,2320000,-1.03,51.15
06-28-2022,51.55,52.64,53.11,51.52,1930000,-2.07,52.315
06-27-2022,52.64,53.27,53.32,52.5,2250000,-0.85,52.91
06-24-2022,53.09,53.04,53.33,52.61,4760000,0.64,52.97
06-23-2022,52.75,51.58,52.88,51.41,4620000,3.03,52.145
06-22-2022,51.2,50.47,51.66,50,2800000,0.64,50.83
06-21-2022,50.88,50,51.18,50,3180000,2.54,50.59
06-17-2022,49.62,49.47,50.19,49.2,7040000,0.2,49.695
06-16-2022,49.52,49.31,49.78,48.75,3530000,-0.91,49.265
06-15-2022,49.97,48.78,50.54,48.75,3160000,2.78,49.645
06-14-2022,48.62,49.05,49.07,48.06,4790000,-0.67,48.565
06-13-2022,48.95,48.92,49.48,48.29,3700000,-2.22,48.885
06-10-2022,50.06,50.44,50.64,49.58,3720000,-1.68,50.11
06-09-2022,50.92,51.08,51.57,50.84,2420000,-0.75,51.205
06-08-2022,51.3,51.4,52.11,51.1,2180000,-0.55,51.605
06-07-2022,51.59,50.95,51.6,50.8,1670000,0.42,51.2
06-06-2022,51.37,51.74,52.25,51.19,2030000,0.03,51.72
06-03-2022,51.36,51.37,51.49,50.91,1750000,-0.48,51.2
06-02-2022,51.6,50.87,51.61,50.47,2670000,1.67,51.04
06-01-2022,50.76,51.81,52.13,50.73,1750000,-1.93,51.43
05-31-2022,51.75,51.43,52.12,51.33,4910000,-0.24,51.725
05-27-2022,51.88,50.84,51.9,50.39,2790000,3.12,51.145
05-26-2022,50.31,49.4,50.52,49.17,2370000,2.33,49.845
05-25-2022,49.17,48.74,49.46,48.57,2640000,0.59,49.015
05-24-2022,48.88,48.81,49.09,48.03,2340000,-0.73,48.56
05-23-2022,49.24,49.15,49.48,48.57,2480000,1.08,49.025
05-20-2022,48.71,48.09,48.78,47.85,5960000,2.13,48.315
05-19-2022,47.69,46.97,47.92,46.77,3320000,0.7,47.345
05-18-2022,47.36,49.29,49.29,47.21,2170000,-4.5,48.25
05-17-2022,49.6,49.55,49.75,49.11,2900000,1.82,49.43
05-16-2022,48.71,49.1,49.22,48.5,1950000,-0.92,48.86
05-13-2022,49.16,48.42,49.51,48.42,2570000,2.19,48.965
05-12-2022,48.11,47.53,48.42,47.07,2360000,0.77,47.745
05-11-2022,47.74,48.35,49.11,47.71,3000000,-1.75,48.41
05-10-2022,48.59,49.53,49.96,48.07,3370000,-0.27,49.015
05-09-2022,48.73,50.2,50.22,48.57,2210000,-4.01,49.395
05-06-2022,50.76,51.31,51.41,50.19,2030000,-1.68,50.8
05-05-2022,51.63,52.95,53.26,51.18,2550000,-3.25,52.22
05-04-2022,53.37,52.6,53.47,52.12,4360000,1.43,52.795
05-03-2022,52.61,52.05,52.94,52.03,2320000,0.73,52.485
05-02-2022,52.23,52.42,52.93,51.11,2760000,-0.43,52.02
04-29-2022,52.46,53.91,54.03,52.35,2780000,-3.19,53.19
04-28-2022,54.18,53.54,54.41,53.14,4020000,1.56,53.775
04-27-2022,53.35,53.78,54.48,53.28,6240000,-1,53.88
04-26-2022,53.89,55.53,55.69,53.87,2700000,-2.98,54.78
04-25-2022,55.55,55.34,55.8,54.9,3530000,-0.13,55.35
04-22-2022,55.62,56.4,56.73,55.59,2490000,-1.53,56.16
04-21-2022,56.48,57.7,57.87,56.23,3120000,-1.95,57.05
04-20-2022,57.6,59.83,59.83,57.24,3780000,-4.55,58.535
04-19-2022,60.35,59.26,60.4,59.26,1890000,1.51,59.83
04-18-2022,59.45,59.18,59.61,58.88,1360000,-0.12,59.245
04-14-2022,59.52,60.57,60.79,59.48,1280000,-1.57,60.135
04-13-2022,60.46,60.16,60.6,59.67,1190000,0.74,60.135
04-12-2022,60.02,61.03,61.43,59.73,2000000,-1.24,60.58
04-11-2022,60.78,60.79,61.08,59.73,2460000,-0.59,60.405
04-08-2022,61.14,61.31,61.49,60.77,1730000,0.23,61.13
04-07-2022,61,60.95,61.29,60.54,1980000,-0.32,60.915
04-06-2022,61.19,60.13,61.39,59.86,2650000,0.85,60.625
04-05-2022,60.68,60.64,61.56,60.57,2530000,-0.18,61.065
04-04-2022,60.79,60.74,61.12,60.33,2620000,0.24,60.725
04-01-2022,60.64,59.94,60.69,59.38,1910000,2.09,60.035
03-31-2022,59.4,60.87,61.29,59.29,3240000,-2.02,60.29
03-30-2022,60.63,60.32,60.93,60.07,2480000,0.31,60.5
03-29-2022,60.44,59.58,60.7,59.57,2310000,2.13,60.135
03-28-2022,59.18,58.34,59.21,58.34,1320000,1.29,58.775
03-25-2022,58.43,58.44,58.67,58.07,1390000,0.37,58.37
03-24-2022,58.21,58.22,58.43,57.78,1010000,0.28,58.105
03-23-2022,58.05,59.05,59.05,58.01,1490000,-1.9,58.53
03-22-2022,59.17,59.33,59.48,58.64,2060000,-0.07,59.06
03-21-2022,59.21,59.74,59.82,58.88,1570000,-0.89,59.35
03-18-2022,59.74,58.88,59.97,58.73,2850000,1.78,59.35
03-17-2022,58.7,57.77,58.72,57.63,1540000,1.6,58.175
03-16-2022,57.77,56.93,58.03,56.47,1760000,2.21,57.25
03-15-2022,56.53,55.96,56.68,55.66,2120000,1.8,56.17
03-14-2022,55.53,55.36,55.92,55.07,3190000,1.04,55.495
03-11-2022,54.96,56.02,56.15,54.94,2120000,-0.97,55.545
03-10-2022,55.49,55.45,55.77,54.19,2640000,-1.3,54.98
03-09-2022,56.22,56.14,56.57,55.51,2670000,2.22,56.04
03-08-2022,55,55.75,56.31,54.15,4750000,-2,55.23
03-07-2022,56.12,57.11,57.33,56.02,3660000,-1.84,56.675
03-04-2022,57.18,57.16,57.23,56.37,3420000,-0.55,56.8
03-03-2022,57.49,57.76,57.9,57.03,1730000,0.24,57.465
03-02-2022,57.36,57.12,57.91,56.83,2320000,1.22,57.37
03-01-2022,56.66,57,57.38,56.32,2320000,-0.68,56.85
02-28-2022,57.05,56.87,57.59,56.53,3270000,-0.91,57.06
02-25-2022,57.57,56.95,57.74,56.82,2860000,1.49,57.28
02-24-2022,56.73,53.77,56.99,53.67,3610000,1.19,55.33
02-23-2022,56.06,56.72,57.2,55.87,2630000,-0.46,56.535
02-22-2022,56.32,56.17,57.25,56.11,3180000,-1.5,56.68
02-18-2022,57.18,57.27,57.74,56.73,4690000,-0.2,57.235
02-17-2022,57.29,57.96,58.04,57.21,2170000,-1.59,57.625
02-16-2022,58.22,58.16,58.51,57.74,2030000,-0.22,58.125
02-15-2022,58.35,58.33,58.78,58.08,2360000,1.81,58.43
02-14-2022,57.31,57.55,57.86,56.92,2860000,-0.26,57.39
02-11-2022,57.46,59.06,59.19,57.29,3300000,-2.71,58.24
02-10-2022,59.06,58.83,60.2,58.56,2570000,-1.37,59.38
02-09-2022,59.88,60.03,60.9,59.4,2970000,1.01,60.15
02-08-2022,59.29,59.26,59.51,58.23,2180000,-0.41,58.87
02-07-2022,59.53,60.22,60.33,59.33,2670000,-0.02,59.83
02-04-2022,59.54,59.25,60.29,59.09,2460000,0.33,59.69
02-03-2022,59.34,60.07,60.33,59.28,1920000,-2.39,59.805
02-02-2022,60.79,60.26,60.92,60.19,2470000,1.25,60.555
02-01-2022,60.04,59.92,60.25,59.31,2700000,0.51,59.78
01-31-2022,59.74,58.45,59.89,58.33,3020000,2.61,59.11
01-28-2022,58.22,57.44,58.26,56.58,3070000,1.36,57.42
01-27-2022,57.44,58.26,58.74,56.85,4950000,1.66,57.795
01-26-2022,56.5,58.85,59.06,55.6,5050000,-3.13,57.33
01-25-2022,58.33,57.74,58.86,57.22,4200000,-0.77,58.04
01-24-2022,58.78,58.13,58.86,55.83,5160000,-0.33,57.345
01-21-2022,58.97,59.68,60.22,58.78,4220000,-1.69,59.5
01-20-2022,59.99,60.53,61.67,59.88,3060000,-0.63,60.775
01-19-2022,60.37,61.4,61.67,60.3,4620000,-1.45,60.985
01-18-2022,61.26,61.16,61.69,60.74,4260000,-1.27,61.215
01-14-2022,62.05,61.89,62.23,61.11,4950000,-0.58,61.67
01-13-2022,62.41,64.45,64.72,62.25,4110000,-3.12,63.485
01-12-2022,64.41,64.48,64.93,64.21,1650000,0.35,64.57
01-11-2022,64.19,63.15,64.24,62.28,2310000,1.82,63.26
01-10-2022,63.04,63.95,64.32,61.95,5330000,-2.27,63.135
01-07-2022,64.5,64.77,65,63.68,2290000,-1,64.34
01-06-2022,65.15,64.86,65.27,63.74,3150000,0.23,64.505
01-05-2022,65.01,66,66.21,64.97,3560000,-1.2,65.59
01-04-2022,65.8,66.7,67.28,65.17,4030000,-2.5,66.225
01-03-2022,67.49,70.29,70.29,66.91,3190000,-3.6,68.6
12-31-2021,70,69.67,70.45,69.53,1170000,0.43,69.99
12-30-2021,69.7,70.01,70.47,69.6,998780,-0.41,70.035
12-29-2021,69.99,70.09,70.55,69.89,812020,0.11,70.22
12-28-2021,69.91,69.9,70.23,69.66,1170000,0.36,69.945
12-27-2021,69.66,68.77,69.67,68.61,1980000,1.73,69.14
12-23-2021,68.47,68.33,68.91,68.17,1780000,0.6,68.54
12-22-2021,68.07,67.42,68.12,67.15,1790000,0.97,67.635
12-21-2021,67.41,66.69,67.47,66.53,1280000,1.88,67
12-20-2021,66.17,66.14,66.54,65.25,1520000,-1.28,65.895
12-17-2021,67.02,67.57,67.81,66.58,2720000,-1.27,67.195
12-16-2021,67.88,67.98,68.88,67.6,3040000,0.8,68.24
12-15-2021,67.34,66.81,67.36,66.23,2520000,1.15,66.795
12-14-2021,66.58,67.81,68.12,65.87,3170000,-2.8,66.995
12-13-2021,68.49,68.73,69.1,68.07,1860000,-0.15,68.585
12-10-2021,68.59,68.74,68.74,67.67,1140000,0.8,68.205
12-09-2021,68.05,69.1,69.22,68.02,1150000,-1.57,68.62
12-08-2021,69.13,68.67,69.23,68.15,1550000,0.9,68.69
12-07-2021,68.52,67.11,68.62,66.7,2500000,3.82,67.66
12-06-2021,65.99,66.9,66.99,65.35,3080000,-1.07,66.17
12-03-2021,66.71,67.69,67.97,65.38,2650000,-0.55,66.675
12-02-2021,67.08,66.67,67.69,66.03,2820000,1.11,66.86
12-01-2021,66.34,68.59,68.6,66.3,2610000,-2.07,67.45
11-30-2021,67.74,69.24,69.66,67.57,3470000,-2.8,68.615
11-29-2021,69.69,68.89,70.11,68.6,2700000,2.65,69.355
11-26-2021,67.89,68.61,69.26,67.68,1700000,-2.36,68.47
11-24-2021,69.53,68.75,69.6,68.58,1800000,0.33,69.09
11-23-2021,69.3,69.2,69.45,68.01,1500000,0.11,68.73
11-22-2021,69.23,69.49,70.15,69.16,1670000,-0.04,69.655
11-19-2021,69.26,69.67,69.8,69.11,1730000,-0.45,69.455
11-18-2021,69.57,70.38,70.47,69.34,1630000,-0.59,69.905
11-17-2021,69.98,70.92,71.09,69.54,2130000,-0.96,70.315
11-16-2021,70.66,69.85,71.21,69.67,1450000,1.07,70.44
11-15-2021,69.91,69.7,70.45,69.6,1560000,0.63,70.025
11-12-2021,69.47,69.2,69.75,68.16,3860000,1.08,68.955
11-11-2021,68.73,69.38,69.6,68.54,2920000,-0.57,69.07
11-10-2021,69.13,70.05,70.27,68.82,1940000,-1.63,69.545
11-09-2021,70.27,70.72,70.87,70.03,1930000,-0.42,70.45
11-08-2021,70.56,71.37,71.4,69.85,1700000,-0.54,70.625
11-05-2021,70.94,71.14,71.65,70.63,1730000,0.26,71.14
11-04-2021,70.76,70.45,70.93,69.93,1520000,1.33,70.43
11-03-2021,69.83,70.2,70.61,68.94,2140000,-0.82,69.775
11-02-2021,70.41,70.09,71.16,69.76,2320000,0.63,70.46
11-01-2021,69.97,70.34,70.55,68.88,2170000,0.01,69.715
10-29-2021,69.96,68.88,70.22,68.71,2030000,1.38,69.465
10-28-2021,69,67.4,69.01,67.38,1960000,2.28,68.195
10-27-2021,67.46,67.02,67.94,66.67,2020000,0.45,67.305
10-26-2021,67.16,67.44,68.1,66.68,2510000,-0.01,67.39
10-25-2021,67.17,67.15,67.26,65.96,1920000,-0.11,66.61
10-22-2021,67.24,66.45,67.31,66.44,1870000,1.44,66.875
10-21-2021,66.29,66.31,67.32,65.55,3850000,-0.15,66.435
10-20-2021,66.39,69.56,69.93,65.58,7260000,-4.64,67.755
10-19-2021,69.62,68,69.62,68,2820000,2.64,68.81
10-18-2021,67.83,67.61,68.17,67.28,2100000,0.23,67.725
10-15-2021,67.67,67.14,67.81,66.77,2290000,1.19,67.29
10-14-2021,66.88,66.37,67.07,66.3,2100000,1.63,66.685
10-13-2021,65.81,65.89,66.28,65.05,2370000,-0.03,65.665
10-12-2021,65.83,66.14,66.3,65.4,2250000,-0.1,65.85
10-11-2021,65.89,65.53,67.5,65.42,2610000,0.14,66.46
10-08-2021,65.8,66,66.38,65.51,1610000,-0.26,65.945
10-07-2021,65.97,65.33,66.36,65.33,1880000,1.68,65.845
10-06-2021,64.88,64.66,65.3,64.1,2850000,-0.32,64.7
10-05-2021,65.09,63.19,65.19,63.09,3160000,3.33,64.14
10-04-2021,62.99,64.49,65.11,62.91,3200000,-2.46,64.01
10-01-2021,64.58,64.71,64.92,63.55,2390000,0.37,64.235
09-30-2021,64.34,65.03,65.78,64.31,3190000,-0.5,65.045
09-29-2021,64.66,63.98,64.8,63.64,2620000,1.59,64.22
09-28-2021,63.65,64.61,64.78,63.13,3930000,-2.46,63.955
09-27-2021,65.26,65.55,65.55,64.84,2690000,-0.51,65.195
09-24-2021,65.59,64.97,65.71,64.8,1990000,0.61,65.255
09-23-2021,65.19,65.14,65.58,65.08,2240000,0.56,65.33
09-22-2021,64.83,64.58,64.9,64.02,1980000,1.35,64.46
09-21-2021,63.97,64.15,64.24,63.74,1470000,0.48,63.99
09-20-2021,63.66,63.22,64.04,62.84,2310000,-1,63.44
09-17-2021,64.3,64.95,64.97,63.67,3790000,-1.29,64.32
09-16-2021,65.14,65.33,65.49,64.85,1230000,-0.21,65.17
09-15-2021,65.28,65.2,65.71,64.83,1400000,0.15,65.27
09-14-2021,65.18,64.86,65.52,64.86,1390000,0.63,65.19
09-13-2021,64.77,65.55,66,64.32,1640000,-0.88,65.16
09-10-2021,65.35,66.21,66.26,65.32,1700000,-0.96,65.79
09-09-2021,65.98,65.95,66.63,65.84,1560000,-0.25,66.235
09-08-2021,66.14,65.43,66.21,65.43,1230000,1,65.82
09-07-2021,65.49,66.56,66.56,65.02,1700000,-1.04,65.79
09-03-2021,66.18,66.02,66.56,65.94,1470000,0.31,66.25
09-02-2021,65.97,66.17,66.31,65.35,1800000,-0.03,65.83
09-01-2021,65.99,65.53,66.13,64.86,1730000,1.11,65.495
08-31-2021,65.26,64.88,65.4,64.66,2390000,0.87,65.03
08-30-2021,64.7,64.79,65.22,64.53,1190000,0.32,64.875
08-27-2021,64.49,63.74,64.5,63.74,1080000,1.21,64.12
08-26-2021,63.72,63.77,63.94,63.32,1280000,-0.24,63.63
08-25-2021,63.88,63.64,64.03,63.35,1110000,0.4,63.69
08-24-2021,63.62,63.79,64,63.58,1100000,0.17,63.79
08-23-2021,63.51,63.1,63.87,63.1,1530000,0.99,63.485
08-20-2021,62.89,62.85,63.26,62.43,1600000,0.35,62.845
08-19-2021,62.67,61.5,63.16,61.14,2180000,0.6,62.15
08-18-2021,62.3,63.4,63.4,62.25,2420000,-1.63,62.825
08-17-2021,63.33,63.91,63.95,63.16,2240000,-1.13,63.555
08-16-2021,64.06,63.77,64.09,63.34,1180000,0.62,63.715
08-13-2021,63.66,63.4,63.82,63.33,932820,0.47,63.575
08-12-2021,63.36,63.31,63.62,62.6,1370000,0.41,63.11
08-11-2021,63.11,63.11,63.46,62.9,1240000,0.24,63.18
08-10-2021,62.95,62.93,63.35,62.56,1750000,0.1,62.955
08-09-2021,62.89,62.94,63.01,62.62,1650000,-0.02,62.815
08-06-2021,62.91,63.11,63.43,62.52,1580000,0.02,62.975
08-05-2021,62.89,63.33,63.56,62.5,2030000,-0.36,63.03
08-04-2021,63.12,62.71,63.48,62.55,2190000,0.37,63.015
08-03-2021,62.89,63.06,63.18,62.57,1820000,0.13,62.875
08-02-2021,62.81,62.77,62.98,62.34,1660000,0.91,62.66
07-30-2021,62.24,62.18,62.72,61.93,1850000,0.03,62.325
07-29-2021,62.23,61.96,62.51,61.52,1690000,0.62,62.015
07-28-2021,61.84,61.92,62.02,61.38,1780000,-0.09,61.7
07-27-2021,61.9,61.98,62.69,61.75,1990000,-0.48,62.22
07-26-2021,62.19,62.37,62.52,61.48,2050000,-0.63,62
07-23-2021,62.59,62.03,62.83,61.89,2210000,1.31,62.36
07-22-2021,61.78,62.52,62.74,61.71,3080000,-0.5,62.225
07-21-2021,62.09,60.45,62.34,60.45,3890000,2.97,61.395
07-20-2021,60.3,59.26,60.91,58.87,3380000,2.12,59.89
07-19-2021,59.05,59.23,59.54,58.64,2780000,-0.78,59.09
07-16-2021,59.52,59.5,60.08,59.36,2750000,-0.06,59.72
07-15-2021,59.55,59.25,59.83,59.08,1950000,0.32,59.455
07-14-2021,59.36,59.79,59.79,58.75,2130000,-0.56,59.27
07-13-2021,59.7,60.04,60.33,59.46,2670000,-0.31,59.895
07-12-2021,59.88,58.59,60.33,58.59,3440000,2.21,59.46
07-09-2021,58.59,58.14,58.64,58.08,1530000,0.97,58.36
07-08-2021,58.03,58.12,58.46,57.86,1940000,-1.18,58.16
07-07-2021,58.72,59.02,59.08,58.42,2140000,-0.11,58.75
07-06-2021,58.79,59.43,59.47,58.56,2020000,-0.85,59.015
07-02-2021,59.29,58.83,59.35,58.65,2910000,1.05,59
07-01-2021,58.68,59.3,59.3,58.6,3370000,0.13,58.95
06-30-2021,58.6,58.85,58.9,58.39,3490000,-0.59,58.645
06-29-2021,58.95,59.23,59.43,58.88,1990000,-0.15,59.155
06-28-2021,59.04,59.5,59.57,58.99,2940000,-0.54,59.28
06-25-2021,59.36,59.53,59.64,59.06,2370000,0.15,59.35
06-24-2021,59.27,59.63,59.77,59.12,2600000,-0.09,59.445
06-23-2021,59.32,59.67,59.88,59.2,2840000,-0.41,59.54
06-22-2021,59.57,59.64,59.91,59.42,2000000,-0.04,59.665
06-21-2021,59.59,58.94,59.76,58.63,3140000,1.7,59.195
06-18-2021,58.6,59.42,59.6,58.42,5360000,-2.22,59.01
06-17-2021,59.93,59.36,60.18,58.88,3440000,1.38,59.53
06-16-2021,59.12,58.75,59.46,58.57,2900000,0.6,59.015
06-15-2021,58.76,58.53,59.18,58.36,2000000,0.65,58.77
06-14-2021,58.39,57.5,58.39,57.17,2050000,1.28,57.78
06-11-2021,57.65,56.75,57.68,56.65,2500000,2.73,57.165
06-10-2021,56.12,56.52,56.52,56.02,1680000,-0.45,56.27
06-09-2021,56.37,56.47,56.51,56.14,1670000,0.09,56.325
06-08-2021,56.32,56.48,56.78,56.26,1910000,0.04,56.52
06-07-2021,56.3,56.97,57,56.21,1740000,-0.78,56.605
06-04-2021,56.74,56.23,56.8,55.87,1700000,1.29,56.335
06-03-2021,56.02,55.63,56.25,55.41,2380000,0.73,55.83
06-02-2021,55.61,55.2,55.78,55,2820000,1.45,55.39
06-01-2021,54.82,56.07,56.22,54.76,1940000,-1.8,55.49
05-28-2021,55.82,55.72,55.95,55.37,1410000,0.89,55.66
05-27-2021,55.33,55.24,55.4,54.98,2170000,0.32,55.19
05-26-2021,55.15,54.89,55.46,54.88,1360000,0.69,55.17
05-25-2021,54.77,55.2,55.39,54.6,1470000,-0.37,54.995
05-24-2021,54.97,54.78,55.34,54.78,1210000,0.64,55.06
05-21-2021,54.62,54.3,54.95,54.29,4050000,0.25,54.62
05-20-2021,54.49,53.84,54.84,53.75,1250000,1.57,54.295
05-19-2021,53.65,53.41,53.73,53.15,1950000,-0.62,53.44
05-18-2021,53.98,54.7,54.84,53.96,1570000,-1.11,54.4
05-17-2021,54.58,54.73,54.96,54.37,1490000,-0.37,54.665
05-14-2021,54.79,53.9,54.98,53.79,2090000,2.15,54.385
05-13-2021,53.63,52.92,53.94,52.92,1380000,1.6,53.43
05-12-2021,52.79,52.96,53.47,52.24,3360000,-0.86,52.855
05-11-2021,53.24,53.77,53.95,53.04,2450000,-2.32,53.495
05-10-2021,54.51,55.25,55.6,54.48,1870000,-0.63,55.04
05-07-2021,54.85,54.62,54.97,54.49,1480000,0.6,54.73
05-06-2021,54.53,54.68,54.68,54.04,1850000,0.02,54.36
05-05-2021,54.52,54.66,54.75,54.08,2330000,0,54.415
05-04-2021,54.51,54.17,54.55,53.27,2960000,0.65,53.91
05-03-2021,54.16,54.03,54.54,53.67,1900000,0.59,54.105
04-30-2021,53.85,53.86,54.1,53.49,1540000,-0.22,53.795
04-29-2021,53.96,53.61,54,53.13,1730000,1.4,53.565
04-28-2021,53.22,53.72,53.82,52.9,1910000,-0.72,53.36
04-27-2021,53.6,53.26,53.62,52.9,1990000,0.48,53.26
04-26-2021,53.34,54.27,54.28,53.19,1660000,-1.5,53.735
04-23-2021,54.16,53.4,54.42,53.19,2040000,1.72,53.805
04-22-2021,53.24,53.46,54.11,53.09,1930000,0.25,53.6
04-21-2021,53.11,53.48,54,52.36,3330000,-0.23,53.18
04-20-2021,53.23,52.97,53.75,52.94,3030000,0.66,53.345
04-19-2021,52.88,53.29,53.3,52.49,2470000,-0.96,52.895
04-16-2021,53.39,53.64,53.84,53.21,3040000,0.07,53.525
04-15-2021,53.35,52.58,53.71,52.58,1980000,1.66,53.145
04-14-2021,52.48,52.31,52.91,52.26,1660000,-0.31,52.585
04-13-2021,52.64,52.13,52.68,51.92,1590000,1.18,52.3
04-12-2021,52.03,52.13,52.41,51.9,1770000,0,52.155
04-09-2021,52.03,51.4,52.12,51.27,1770000,1.68,51.695
04-08-2021,51.17,50.63,51.24,50.52,2210000,1.82,50.88
04-07-2021,50.26,50.87,50.9,50.02,2040000,-1.23,50.46
04-06-2021,50.89,50.59,50.99,50.45,1450000,0.37,50.72
04-05-2021,50.7,50.33,50.8,50.24,2200000,0.83,50.52
04-01-2021,50.28,49.39,50.51,49.23,1960000,2.3,49.87
03-31-2021,49.15,49.1,49.73,49,2670000,0,49.365
03-30-2021,49.15,50.2,50.29,49.05,2120000,-2.25,49.67
03-29-2021,50.28,49.94,50.49,49.72,1560000,0.08,50.105
03-26-2021,50.24,48.89,50.27,48.78,1860000,2.83,49.525
03-25-2021,48.86,49.17,49.17,48.51,2040000,-0.52,48.84
03-24-2021,49.11,49.24,49.54,48.93,1930000,-0.16,49.235
03-23-2021,49.19,48.62,49.65,48.62,3890000,0.31,49.135
03-22-2021,49.04,48.58,49.4,48.25,3650000,0.95,48.825
03-19-2021,48.58,48.33,48.94,47.93,6570000,0.55,48.435
03-18-2021,48.31,48.02,48.63,47.62,5470000,0.64,48.125
03-17-2021,48.01,48.32,48.59,47.45,5060000,-1,48.02
03-16-2021,48.49,48.69,49.03,48.16,2700000,-0.36,48.595
03-15-2021,48.66,48.1,48.69,47.7,1590000,1.09,48.195
03-12-2021,48.14,48.19,48.36,47.69,1390000,0.22,48.025
03-11-2021,48.03,48.3,48.3,47.58,2140000,-0.31,47.94
03-10-2021,48.18,49.03,49.1,48.14,2220000,-1.43,48.62
03-09-2021,48.88,48.29,49.85,48.29,3340000,1.14,49.07
03-08-2021,48.33,48.3,49.17,47.95,5230000,0.2,48.56
03-05-2021,48.23,46.35,48.37,46.17,3600000,4.86,47.27
03-04-2021,46,45.88,46.72,45.19,3550000,0.94,45.955
03-03-2021,45.57,46.7,46.98,45.52,1860000,-2.79,46.25
03-02-2021,46.88,47.19,47.4,46.38,1860000,-0.87,46.89
03-01-2021,47.29,46.56,47.62,46.47,2090000,2.59,47.045
02-26-2021,46.1,46.82,46.99,45.93,2820000,-1.45,46.46
02-25-2021,46.77,47.36,47.85,46.73,1940000,-1.18,47.29
02-24-2021,47.33,46.6,47.41,46.14,1830000,1.18,46.775
02-23-2021,46.78,47.04,47.13,46.29,2970000,-0.9,46.71
02-22-2021,47.21,47.81,47.81,46.67,2730000,-1.95,47.24
02-19-2021,48.14,48.4,48.61,48.1,2010000,-0.31,48.355
02-18-2021,48.29,48.09,48.49,47.88,2130000,0.13,48.185
02-17-2021,48.23,47.74,48.37,47.67,2340000,0.49,48.02
02-16-2021,48,47.68,48.06,47.13,2550000,1.41,47.595
02-12-2021,47.33,47.5,47.84,47.28,1450000,-0.27,47.56
02-11-2021,47.46,47.68,47.75,47.2,1400000,-0.07,47.475
02-10-2021,47.49,48,48.13,47.05,1580000,-0.46,47.59
02-09-2021,47.71,47.55,47.99,47.34,1260000,0.48,47.665
02-08-2021,47.48,47.7,47.95,47.31,1480000,-0.1,47.63
02-05-2021,47.53,47.94,48.17,47.32,2040000,-0.68,47.745
02-04-2021,47.86,47.55,48.47,47.43,2470000,0.99,47.95
02-03-2021,47.39,47.43,47.7,47.01,2640000,-0.32,47.355
02-02-2021,47.54,46.38,47.7,46.2,2710000,2.89,46.95
02-01-2021,46.2,45.51,46.36,45.17,2620000,2.47,45.765
01-29-2021,45.09,46.03,46.03,44.74,3370000,-2.7,45.385
01-28-2021,46.34,47.12,47.79,46.32,2940000,-1.54,47.055
01-27-2021,47.07,46.83,47.88,45.85,4780000,0.05,46.865
01-26-2021,47.04,47.58,47.77,46.83,2910000,-0.82,47.3
01-25-2021,47.43,46.85,47.61,46.57,2510000,1.34,47.09
01-22-2021,46.81,47.1,47.17,46.41,3380000,-0.69,46.79
01-21-2021,47.13,48.03,48.13,46.82,2080000,-1.58,47.475
01-20-2021,47.89,47.79,48.1,47.17,3800000,0.99,47.635
01-19-2021,47.42,47.4,47.67,46.75,2690000,1.59,47.21
01-15-2021,46.68,47.15,47.51,46.46,8260000,-1.47,46.985
01-14-2021,47.38,47.74,47.76,46.93,2880000,-0.25,47.345
01-13-2021,47.5,47.36,47.83,47.33,4240000,0.4,47.58
01-12-2021,47.31,47,47.56,46.95,2840000,0.72,47.255
01-11-2021,46.97,46.07,47.29,46,3390000,1.51,46.645
01-08-2021,46.27,45.14,46.38,45.14,2360000,1.47,45.76
01-07-2021,45.6,44.98,45.63,44.89,2650000,1.03,45.26
01-06-2021,45.13,44.12,45.5,43.97,3070000,2.6,44.735
01-05-2021,43.99,44.1,44.35,43.85,3310000,-0.03,44.1
01-04-2021,44,44.58,44.64,43.57,4330000,-0.55,44.105
12-31-2020,44.25,43.33,44.29,43.16,1530000,2,43.725
12-30-2020,43.38,43.26,43.51,43.15,1200000,0.77,43.33
12-29-2020,43.05,43.22,43.29,42.97,910800,0.23,43.13
12-28-2020,42.95,43.03,43.07,42.64,1380000,0.18,42.855
12-24-2020,42.87,42.66,42.91,42.53,575490,0.52,42.72
12-23-2020,42.65,43.5,43.58,42.65,1480000,-1.5,43.115
12-22-2020,43.3,42.34,43.46,42.25,3120000,1.44,42.855
12-21-2020,42.68,42.61,42.85,41.42,3340000,-0.43,42.135
12-18-2020,42.87,42.73,43.21,42.65,5130000,0.08,42.93
12-17-2020,42.83,42.61,43.16,42.43,3150000,1.1,42.795
12-16-2020,42.37,42.63,42.77,42.24,3330000,-0.15,42.505
12-15-2020,42.43,41.6,42.79,41.55,2560000,2.62,42.17
12-14-2020,41.35,42.24,42.7,41.3,1920000,-1.3,42
12-11-2020,41.89,41.52,41.99,41.34,1650000,0.54,41.665
12-10-2020,41.66,41.92,42.12,41.54,2110000,-0.88,41.83
12-09-2020,42.03,42.96,43.22,41.36,2910000,-1.98,42.29
12-08-2020,42.88,42.83,43.07,42.43,1860000,0.07,42.75
12-07-2020,42.85,41.82,42.99,41.82,5090000,2.6,42.405
12-04-2020,41.77,41.62,42.33,41.56,2550000,0.32,41.945
12-03-2020,41.63,42.29,42.35,41.09,5600000,-3.45,41.72
12-02-2020,43.12,43.24,43.33,42.75,1710000,-0.42,43.04
12-01-2020,43.3,42.44,43.46,42.44,2190000,1.5,42.95
11-30-2020,42.66,42.34,42.76,42.14,3110000,0.68,42.45
11-27-2020,42.37,42.32,42.5,42.09,1550000,-0.16,42.295
11-25-2020,42.44,42.4,42.73,42.34,2240000,0.05,42.535
11-24-2020,42.42,42.04,42.57,42.02,2740000,1,42.295
11-23-2020,42,42.27,42.49,41.61,2130000,-0.25,42.05
11-20-2020,42.11,41.73,42.46,41.55,2840000,1.26,42.005
11-19-2020,41.59,41.37,42.23,40.95,3330000,1.65,41.59
11-18-2020,40.91,41.34,41.39,40.74,3000000,-1.29,41.065
11-17-2020,41.44,41.96,42.02,41.22,2980000,-0.96,41.62
11-16-2020,41.84,42.19,42.19,41.38,3280000,-0.23,41.785
11-13-2020,41.94,42.48,42.74,41.77,2320000,-0.81,42.255
11-12-2020,42.28,43.42,43.42,42.15,1890000,-2.27,42.785
11-11-2020,43.26,42.53,43.77,42.51,1980000,2.09,43.14
11-10-2020,42.38,43.09,43.33,42.02,3720000,-1.97,42.675
11-09-2020,43.23,46.5,46.5,43.08,3040000,-2.64,44.79
11-06-2020,44.4,44.41,44.66,43.94,1800000,0,44.3
11-05-2020,44.4,43.19,44.62,43.19,2540000,3.02,43.905
11-04-2020,43.1,42.01,43.84,42.01,2060000,3.51,42.925
11-03-2020,41.64,41.69,42.32,41.39,1290000,1.4,41.855
11-02-2020,41.06,40.82,41.63,40.75,1590000,1.81,41.19
10-30-2020,40.33,40.35,40.99,39.92,2460000,-0.84,40.455
10-29-2020,40.67,40.58,41.23,40.25,1810000,0.23,40.74
10-28-2020,40.58,41.25,41.46,40.34,1820000,-2.69,40.9
10-27-2020,41.7,42.58,42.77,41.69,1600000,-1.79,42.23
10-26-2020,42.46,42.59,42.79,42.19,1880000,-1.35,42.49
10-23-2020,43.04,43.52,43.52,42.48,1740000,-0.75,43
10-22-2020,43.36,44.39,44.39,43.33,1810000,-1.72,43.86
10-21-2020,44.12,43.49,44.68,42.67,3320000,2.62,43.675
10-20-2020,43,42.5,43.69,42.5,2650000,1.18,43.095
10-19-2020,42.49,43.24,43.37,42.46,2660000,-1.08,42.915
10-16-2020,42.96,42.89,43.3,42.63,2180000,0.36,42.965
10-15-2020,42.8,42.17,42.81,42.05,1230000,0.6,42.43
10-14-2020,42.55,42.43,42.76,42.34,1690000,1,42.55
10-13-2020,42.13,42.29,42.31,41.78,1880000,0,42.045
10-12-2020,42.13,41.94,42.44,41.75,1270000,1.06,42.095
10-09-2020,41.69,42.01,42.12,41.57,1230000,0.37,41.845
10-08-2020,41.53,41.25,41.63,41.11,1890000,1.32,41.37
10-07-2020,40.99,41.13,41.6,40.73,2610000,-0.48,41.165
10-06-2020,41.19,41.66,41.93,41.03,2300000,-1.04,41.48
10-05-2020,41.62,41.4,41.66,40.9,1950000,1.08,41.28
10-02-2020,41.18,40.89,41.56,40.75,2140000,-0.31,41.155
10-01-2020,41.31,41.31,41.52,40.96,3350000,0.99,41.24
09-30-2020,40.9,40.69,41.47,40.43,5930000,1.1,40.95
09-29-2020,40.46,41.77,42.12,39.34,7980000,-3.18,40.73
09-28-2020,41.79,41.95,42.11,41.33,2520000,1.08,41.72
09-25-2020,41.34,40.38,41.37,40.23,1580000,2.25,40.8
09-24-2020,40.43,39.86,40.76,39.75,1760000,1.31,40.255
09-23-2020,39.91,41.24,41.24,39.87,1800000,-2.91,40.555
09-22-2020,41.11,40.7,41.12,40.09,2470000,1.04,40.605
09-21-2020,40.68,40.1,40.94,39.9,2730000,-0.33,40.42
09-18-2020,40.82,41.67,41.83,40.6,3720000,-1.6,41.215
09-17-2020,41.48,41.81,41.81,41.2,2610000,-2.25,41.505
09-16-2020,42.43,42.7,43.29,42.38,1630000,-0.67,42.835
09-15-2020,42.72,42.67,42.96,42.43,1120000,0.92,42.695
09-14-2020,42.33,42.08,42.72,42.08,2390000,1.03,42.4
09-11-2020,41.9,42.03,42.27,41.58,1660000,0.63,41.925
09-10-2020,41.64,43.02,43.02,41.57,2420000,-3.31,42.295
09-09-2020,43.06,42.74,43.31,42.34,1960000,2.17,42.825
09-08-2020,42.15,42.94,43.16,42.06,2940000,-2.95,42.61
09-04-2020,43.43,44.7,44.71,42.87,2230000,-2.23,43.79
09-03-2020,44.42,45.94,45.94,43.96,2530000,-2.93,44.95
09-02-2020,45.76,45.11,45.98,45,2280000,1.82,45.49
09-01-2020,44.94,44.88,44.95,44.43,1530000,0.3,44.69
08-31-2020,44.81,44.18,45.04,44.04,4150000,1.96,44.54
08-28-2020,43.95,44.21,44.21,43.81,1280000,0,44.01
08-27-2020,43.95,44.35,44.43,43.94,1530000,-0.52,44.185
08-26-2020,44.18,43.47,44.53,43.4,1940000,1.88,43.965
08-25-2020,43.37,43.88,44.01,43.25,1490000,-1.12,43.63
08-24-2020,43.86,43.43,43.9,43.23,2080000,1.28,43.565
08-21-2020,43.31,43.46,43.55,43.08,1440000,-0.41,43.315
08-20-2020,43.49,43.15,43.82,43.15,1550000,0.45,43.485
08-19-2020,43.29,43.61,43.67,43.1,1760000,-0.14,43.385
08-18-2020,43.35,43.43,43.6,43.11,1730000,-0.2,43.355
08-17-2020,43.44,43.13,43.6,43,2520000,0.83,43.3
08-14-2020,43.08,43.36,43.54,42.9,2040000,-0.81,43.22
08-13-2020,43.43,43.34,43.59,43.02,2780000,-0.09,43.305
08-12-2020,43.47,43.72,44.35,43.41,3170000,-0.05,43.88
08-11-2020,43.49,44,44.1,43.37,1760000,-0.8,43.735
08-10-2020,43.84,44.5,44.5,43.52,2220000,-1.02,44.01
08-07-2020,44.29,43.28,44.29,43.2,2180000,1.65,43.745
08-06-2020,43.57,43.26,43.75,43.17,1770000,0.28,43.46
08-05-2020,43.45,43.43,43.49,43.01,1740000,0.51,43.25
08-04-2020,43.23,43.51,43.59,42.93,1400000,-0.51,43.26
08-03-2020,43.45,43.95,44.13,43.32,1530000,-0.73,43.725
07-31-2020,43.77,43.57,43.78,43,1840000,1.09,43.39
07-30-2020,43.3,43.2,43.46,42.89,1660000,-0.85,43.175
07-29-2020,43.67,42.92,43.85,42.84,2380000,2.22,43.345
07-28-2020,42.72,43.19,43.32,42.47,2110000,-1.82,42.895
07-27-2020,43.51,43.56,43.73,43.37,2860000,-0.02,43.55
07-24-2020,43.52,43.76,43.79,43.02,2700000,-0.64,43.405
07-23-2020,43.8,44.73,45.17,43.67,2810000,-2.01,44.42
07-22-2020,44.7,44.34,45.1,43.85,3690000,2.36,44.475
07-21-2020,43.67,43.56,43.95,43.16,2800000,-0.23,43.555
07-20-2020,43.77,42.78,43.89,42.77,2370000,2.24,43.33
07-17-2020,42.81,42.57,43.05,42.41,2250000,1.11,42.73
07-16-2020,42.34,42.18,42.42,42,924340,0.14,42.21
07-15-2020,42.28,42,42.45,41.69,1600000,1.63,42.07
07-14-2020,41.6,41,41.6,40.99,1300000,1.46,41.295
07-13-2020,41,41.34,42.07,40.98,1860000,0.1,41.525
07-10-2020,40.96,40.43,41,40.06,1410000,1.71,40.53
07-09-2020,40.27,40.76,40.83,39.74,1690000,-0.74,40.285
07-08-2020,40.57,40.32,40.76,40.15,2050000,1.02,40.455
07-07-2020,40.16,40.09,40.6,39.92,1390000,-0.5,40.26
07-06-2020,40.36,40.5,40.83,40.18,1440000,0.85,40.505
07-02-2020,40.02,40.86,41.04,40,2270000,-0.57,40.52
07-01-2020,40.25,39.87,40.54,39.61,1810000,1.08,40.075
06-30-2020,39.82,38.94,39.99,38.82,1890000,1.63,39.405
06-29-2020,39.18,39.13,39.23,38.73,2250000,1.48,38.98
06-26-2020,38.61,39.37,39.45,38.47,3160000,-2.4,38.96
06-25-2020,39.56,38.33,39.66,38.22,1660000,2.94,38.94
06-24-2020,38.43,39.41,39.44,38.36,1880000,-2.78,38.9
06-23-2020,39.53,40.07,40.29,39.43,2120000,-0.93,39.86
06-22-2020,39.9,39.71,40.15,39.37,1520000,0.73,39.76
06-19-2020,39.61,40.09,40.72,39.47,2950000,-0.38,40.095
06-18-2020,39.76,39.25,39.8,38.9,2300000,0.96,39.35
06-17-2020,39.38,39.69,39.89,39.3,1780000,-0.33,39.595
06-16-2020,39.51,39.56,40,38.7,2270000,1,39.35
06-15-2020,39.12,37.51,39.45,37.41,2340000,1.93,38.43
06-12-2020,38.38,38.49,38.63,37.71,2120000,1.67,38.17
06-11-2020,37.75,39.5,39.62,37.57,2600000,-5.63,38.595
06-10-2020,40,39.86,40.28,39.79,1540000,-0.07,40.035
06-09-2020,40.03,40.12,40.39,39.72,2480000,-0.99,40.055
06-08-2020,40.43,39.79,40.54,39.76,2880000,1.15,40.15
06-05-2020,39.97,39.85,40.08,38.44,3230000,1.68,39.26
06-04-2020,39.31,39.7,39.79,38.81,1800000,-1.18,39.3
06-03-2020,39.78,39.99,40.24,39.45,2110000,0.08,39.845
06-02-2020,39.75,39.75,39.93,39.43,1560000,0.3,39.68
06-01-2020,39.63,39.77,39.95,39.08,2790000,0.35,39.515
05-29-2020,39.49,38.77,39.61,38.57,2500000,1.8,39.09
05-28-2020,38.79,38.78,39.22,38.52,2140000,1.02,38.87
05-27-2020,38.4,39.26,39.33,38.07,2540000,-0.93,38.7
05-26-2020,38.76,39.47,39.76,38.68,1840000,0.81,39.22
05-22-2020,38.45,38.03,38.6,37.94,1320000,1.18,38.27
05-21-2020,38,37.95,38.23,37.67,2170000,-0.63,37.95
05-20-2020,38.24,37.66,38.53,37.66,1590000,1.86,38.095
05-19-2020,37.54,38.07,38.66,37.47,1910000,-2.01,38.065
05-18-2020,38.31,38.31,38.64,37.95,2600000,2.54,38.295
05-15-2020,37.36,36.6,37.41,36.22,6240000,2.38,36.815
05-14-2020,36.49,35.78,36.56,35.75,2380000,0.52,36.155
05-13-2020,36.3,36.17,36.77,35.82,2780000,0.36,36.295
05-12-2020,36.17,36.67,36.83,36.07,3210000,-0.66,36.45
05-11-2020,36.41,35.33,36.65,35.28,2050000,1.53,35.965
05-08-2020,35.86,36.4,36.43,35.69,2690000,0.22,36.06
05-07-2020,35.78,35.58,36.41,35.48,1900000,1.62,35.945
05-06-2020,35.21,36.59,36.59,35.2,2130000,-2.95,35.895
05-05-2020,36.28,35.85,36.49,35.31,2900000,2.54,35.9
05-04-2020,35.38,35.27,35.54,34.79,2170000,-0.45,35.165
05-01-2020,35.54,35.67,35.85,35.28,2190000,-2.79,35.565
04-30-2020,36.56,36.25,37.05,36.11,2080000,-1.72,36.58
04-29-2020,37.2,37.58,37.74,37.07,2480000,0.35,37.405
04-28-2020,37.07,37.84,38.14,36.88,3020000,-0.38,37.51
04-27-2020,37.21,35.7,37.3,35.67,2770000,5.68,36.485
04-24-2020,35.21,34.92,35.25,34.32,2530000,1.7,34.785
04-23-2020,34.62,35.66,35.66,34.27,2720000,-0.75,34.965
04-22-2020,34.88,36.17,36.17,34.27,4090000,-0.6,35.22
04-21-2020,35.09,35.91,36.28,34.92,2910000,-4.1,35.6
04-20-2020,36.59,36.59,36.96,36.25,2770000,-1.32,36.605
04-17-2020,37.08,37.03,37.3,36.46,2320000,2.71,36.88
04-16-2020,36.1,35.63,36.31,35.5,2170000,2.18,35.905
04-15-2020,35.33,35.37,36.04,34.87,2490000,-1.45,35.455
04-14-2020,35.85,35.22,35.96,34.76,4150000,4.12,35.36
04-13-2020,34.43,35.1,35.66,34.22,2420000,-4.28,34.94
04-09-2020,35.97,34.93,36.2,34.93,2220000,3.63,35.565
04-08-2020,34.71,33.84,34.94,33.74,2230000,3.15,34.34
04-07-2020,33.65,34.91,35.7,33.41,3380000,-0.62,34.555
04-06-2020,33.86,33.3,34.09,32.69,2750000,6.68,33.39
04-03-2020,31.74,31.51,31.97,31.19,2560000,1.34,31.58
04-02-2020,31.32,30.68,31.48,30.11,3710000,1.82,30.795
04-01-2020,30.76,30.04,31.09,30,3180000,-2.81,30.545
03-31-2020,31.65,33.17,33.47,31.52,4550000,-4.52,32.495
03-30-2020,33.15,31.34,33.28,30.94,4310000,7.18,32.11
03-27-2020,30.93,30.01,31.81,29.76,3380000,-1.09,30.785
03-26-2020,31.27,29.35,32.03,29.35,5100000,7.86,30.69
03-25-2020,28.99,27.66,30.34,27.43,5910000,4.81,28.885
03-24-2020,27.66,25.64,27.73,25.46,5930000,13.87,26.595
03-23-2020,24.29,26.86,26.86,23.89,5380000,-9.47,25.375
03-20-2020,26.83,29.94,29.94,26.56,6480000,-8.52,28.25
03-19-2020,29.33,30.59,30.87,28.51,5260000,-3.9,29.69
03-18-2020,30.52,30.15,31.83,29.72,6800000,-3.66,30.775
03-17-2020,31.68,29.16,31.96,29,6680000,11.39,30.48
03-16-2020,28.44,29,30.93,27.78,4250000,-11.18,29.355
03-13-2020,32.02,31.05,32.12,28.57,5040000,8.4,30.345
03-12-2020,29.54,30.48,31.11,29.43,5300000,-10.78,30.27
03-11-2020,33.11,33.95,33.99,32.6,5490000,-5.13,33.295
03-10-2020,34.9,36.11,36.26,34.06,5970000,-0.96,35.16
03-09-2020,35.24,34.24,36.14,34.15,4300000,-4.32,35.145
03-06-2020,36.83,36.96,37.43,35.89,3780000,-3.16,36.66
03-05-2020,38.03,37.52,38.2,37.2,4940000,-1.96,37.7
03-04-2020,38.79,37.39,38.85,36.83,3620000,5.72,37.84
03-03-2020,36.69,36.91,38.02,36.38,3950000,-0.05,37.2
03-02-2020,36.71,34.33,36.78,34.33,3790000,7.4,35.555
02-28-2020,34.18,35.08,35.15,33.49,6840000,-4.58,34.32
02-27-2020,35.82,37.33,37.5,35.77,4030000,-4.91,36.635
02-26-2020,37.67,37.49,38.22,37.49,2840000,0.53,37.855
02-25-2020,37.47,38.3,38.44,37.28,2890000,-2.04,37.86
02-24-2020,38.25,37.61,38.47,37.46,3650000,-0.36,37.965
02-21-2020,38.39,38.08,38.48,38,7580000,0.6,38.24
02-20-2020,38.16,38.52,38.6,37.77,2080000,-0.68,38.185
02-19-2020,38.42,38.66,39.11,38.4,2180000,-0.36,38.755
02-18-2020,38.56,37.83,38.72,37.71,3260000,-0.44,38.215
02-14-2020,38.73,38.21,38.75,38.21,1590000,1.57,38.48
02-13-2020,38.13,38.06,38.3,37.98,1230000,0.29,38.14
02-12-2020,38.02,38.3,38.35,37.65,1750000,-0.65,38
02-11-2020,38.27,38.57,38.89,38.23,1390000,-0.8,38.56
02-10-2020,38.58,38.04,38.62,38,2820000,1.23,38.31
02-07-2020,38.11,38.66,38.77,38.08,2880000,-1.32,38.425
02-06-2020,38.62,39.07,39.08,38.51,2730000,-0.52,38.795
02-05-2020,38.82,39.75,39.75,38.63,3060000,-1.87,39.19
02-04-2020,39.56,39.65,40.08,39.49,2600000,0.76,39.785
02-03-2020,39.26,39.09,39.63,39.01,2160000,1.13,39.32
01-31-2020,38.82,38.62,38.93,38.52,2740000,0.44,38.725
01-30-2020,38.65,38.42,38.71,37.8,2970000,0.52,38.255
01-29-2020,38.45,37.38,38.59,36.59,3830000,3.78,37.59
01-28-2020,37.05,36.61,37.2,36.6,3180000,1.26,36.9
01-27-2020,36.59,36.38,36.76,36.33,2940000,-0.41,36.545
01-24-2020,36.74,36.55,36.76,36.41,2090000,0.55,36.585
01-23-2020,36.54,36.35,36.56,36.16,1450000,0.44,36.36
01-22-2020,36.38,36.46,36.48,36.07,1760000,-0.11,36.275
01-21-2020,36.42,36.37,36.72,36.32,2200000,-0.05,36.52
01-17-2020,36.44,36.15,36.46,36.01,2370000,0.94,36.235
01-16-2020,36.1,36.19,36.21,35.93,3260000,0.42,36.07
01-15-2020,35.95,35.47,36.07,35.47,1870000,1.21,35.77
01-14-2020,35.52,35.75,35.75,35.44,2120000,-0.5,35.595
01-13-2020,35.7,35.67,35.84,35.61,1180000,0.25,35.725
01-10-2020,35.61,35.92,35.95,35.59,1280000,-0.48,35.77
01-09-2020,35.78,35.42,35.96,35.33,1590000,1.42,35.645
01-08-2020,35.28,35.5,35.65,35.08,3500000,-0.54,35.365
01-07-2020,35.47,36,36.09,35.46,1670000,-1.66,35.775
01-06-2020,36.07,35.93,36.09,35.63,2160000,-0.06,35.86
01-03-2020,36.09,35.66,36.16,35.58,2160000,0.42,35.87
01-02-2020,35.94,35.75,35.99,35.72,1720000,0.67,35.855
12-31-2019,35.7,35.68,35.85,35.55,926320,0.08,35.7
12-30-2019,35.67,36.04,36.04,35.61,1140000,-0.92,35.825
12-27-2019,36,35.97,36.09,35.84,1400000,0.19,35.965
12-26-2019,35.93,35.59,35.93,35.59,723490,1.04,35.76
12-24-2019,35.56,35.69,35.81,35.47,917100,-0.45,35.64
12-23-2019,35.72,35.88,35.97,35.68,1540000,-0.42,35.825
12-20-2019,35.87,35.91,36,35.59,2580000,0.56,35.795
12-19-2019,35.67,35.45,35.79,35.37,2530000,1.02,35.58
12-18-2019,35.31,35.42,35.54,35.22,1340000,-0.06,35.38
12-17-2019,35.33,35.19,35.43,34.96,2100000,0.74,35.195
12-16-2019,35.07,35.06,35.57,35.02,2220000,0.69,35.295
12-13-2019,34.83,34.62,34.85,34.49,1490000,0.35,34.67
12-12-2019,34.71,34.53,34.83,34.4,1250000,0.23,34.615
12-11-2019,34.63,34.84,34.99,34.6,1740000,-0.69,34.795
12-10-2019,34.87,34.85,34.92,34.76,2180000,-0.03,34.84
12-09-2019,34.88,35,35.04,34.79,1490000,-0.57,34.915
12-06-2019,35.08,35.01,35.21,34.9,1810000,0.54,35.055
12-05-2019,34.89,35.12,35.13,34.8,1800000,-0.51,34.965
12-04-2019,35.07,34.84,35.21,34.77,1810000,0.69,34.99
12-03-2019,34.83,34.65,35,34.65,1860000,0.03,34.825
12-02-2019,34.82,34.89,34.92,34.59,1660000,-0.31,34.755
11-29-2019,34.93,34.67,34.96,34.58,794000,0.52,34.77
11-27-2019,34.75,35.18,35.18,34.6,4970000,-0.54,34.89
11-26-2019,34.94,34.94,35.06,34.79,1600000,0.17,34.925
11-25-2019,34.88,34.93,35.01,34.72,2300000,0.26,34.865
11-22-2019,34.79,34.85,35.01,34.47,2140000,-0.34,34.74
11-21-2019,34.91,35.32,35.41,34.82,2320000,-0.91,35.115
11-20-2019,35.23,34.99,35.27,34.93,2090000,0.6,35.1
11-19-2019,35.02,34.93,35.08,34.59,2660000,0.43,34.835
11-18-2019,34.87,34.59,34.89,34.51,2920000,0.98,34.7
11-15-2019,34.53,34.37,34.72,34.28,7790000,0.32,34.5
11-14-2019,34.42,34.42,34.44,34.13,2410000,0,34.285
11-13-2019,34.42,34.02,34.58,33.75,2450000,0.79,34.165
11-12-2019,34.15,34.21,34.21,33.77,2430000,-0.09,33.99
11-11-2019,34.18,33.46,34.19,33.41,2480000,1.88,33.8
11-08-2019,33.55,33.44,33.75,33.39,2760000,0.12,33.57
11-07-2019,33.51,33.48,33.56,33.05,2880000,0.6,33.305
11-06-2019,33.31,32.72,33.36,32.66,2030000,1.52,33.01
11-05-2019,32.81,32.97,33.02,32.63,1550000,-0.15,32.825
11-04-2019,32.86,33.24,33.26,32.84,1660000,-0.67,33.05
11-01-2019,33.08,33.49,33.49,32.89,1630000,-0.54,33.19
10-31-2019,33.26,33.25,33.41,32.99,1620000,-0.27,33.2
10-30-2019,33.35,32.9,33.46,32.71,1440000,1.43,33.085
10-29-2019,32.88,32.8,33.4,32.71,1340000,-0.09,33.055
10-28-2019,32.91,32.89,33.03,32.72,1870000,0.3,32.875
10-25-2019,32.81,33.3,33.5,32.47,3070000,-2.53,32.985
10-24-2019,33.66,34,34,33.42,2120000,-0.33,33.71
10-23-2019,33.77,33.24,33.85,32.73,4100000,3.53,33.29
10-22-2019,32.62,32.69,32.93,32.21,3300000,-0.31,32.57
10-21-2019,32.72,33.08,33.08,32.53,1990000,-0.46,32.805
10-18-2019,32.87,32.79,33.02,32.55,2030000,0.27,32.785
10-17-2019,32.78,32.68,32.82,32.56,3310000,0.28,32.69
10-16-2019,32.69,32.54,32.75,32.14,2910000,0.15,32.445
10-15-2019,32.64,32.86,33,32.59,1530000,-0.43,32.795
10-14-2019,32.78,33.13,33.22,32.75,1400000,-0.97,32.985
10-11-2019,33.1,33.25,33.28,32.75,2280000,0.76,33.015
10-10-2019,32.85,32.46,32.97,32.34,1540000,1.26,32.655
10-09-2019,32.44,32.66,32.75,32.3,1750000,0.25,32.525
10-08-2019,32.36,32.88,32.88,32.29,2230000,-1.94,32.585
10-07-2019,33,32.97,33.29,32.68,1970000,-0.24,32.985
10-04-2019,33.08,32.46,33.11,32.46,1630000,2.16,32.785
10-03-2019,32.38,31.84,32.39,31.77,1350000,1.47,32.08
10-02-2019,31.91,32.62,32.65,31.88,2570000,-2.89,32.265
10-01-2019,32.86,33.1,33.11,32.68,1700000,-0.79,32.895
09-30-2019,33.12,33.41,33.48,33.05,1900000,-0.72,33.265
09-27-2019,33.36,34.19,34.27,33.25,1930000,-1.71,33.76
09-26-2019,33.94,34.13,34.13,33.65,1330000,-0.91,33.89
09-25-2019,34.25,33.94,34.35,33.71,3430000,1.36,34.03
09-24-2019,33.79,33.77,34.17,33.54,3160000,1.11,33.855
09-23-2019,33.42,33.54,33.9,33.35,2300000,-0.42,33.625
09-20-2019,33.56,33.97,33.99,33.53,1900000,-0.97,33.76
09-19-2019,33.89,34.16,34.44,33.72,1220000,-0.94,34.08
09-18-2019,34.21,34.41,34.43,33.75,1410000,-0.09,34.09
09-17-2019,34.24,33.3,34.34,33.09,3330000,3.48,33.715
09-16-2019,33.09,33.12,33.51,32.82,1900000,-0.24,33.165
09-13-2019,33.17,33.23,33.3,32.58,1710000,0.52,32.94
09-12-2019,33,32.76,33.34,32.76,1460000,0.82,33.05
09-11-2019,32.73,32.69,32.87,32.24,2520000,0.03,32.555
09-10-2019,32.72,34.3,34.3,32.52,2340000,-4.55,33.41
09-09-2019,34.28,34.93,35.09,34.22,1610000,-1.35,34.655
09-06-2019,34.75,34.12,34.81,34.05,2250000,2.18,34.43
09-05-2019,34.01,33.57,34.04,33.41,1830000,2.13,33.725
09-04-2019,33.3,33.34,33.39,33.05,1220000,0.36,33.22
09-03-2019,33.18,33.28,33.37,33.01,1090000,-0.3,33.19
08-30-2019,33.28,33.34,33.46,33.13,1160000,0.06,33.295
08-29-2019,33.26,33.21,33.28,32.85,1020000,1.28,33.065
08-28-2019,32.84,32.67,32.86,32.43,941020,0.24,32.645
08-27-2019,32.76,33.13,33.13,32.61,1480000,-0.4,32.87
08-26-2019,32.89,32.75,32.9,32.49,1790000,1.17,32.695
08-23-2019,32.51,33.23,33.48,32.33,2040000,-2.61,32.905
08-22-2019,33.38,33.21,33.47,33.06,1260000,0.82,33.265
08-21-2019,33.11,33.17,33.17,32.87,1230000,0.42,33.02
08-20-2019,32.97,33,33.23,32.82,1670000,-0.51,33.025
08-19-2019,33.14,32.8,33.23,32.72,1860000,1.94,32.975
08-16-2019,32.51,32.46,32.66,32.31,1790000,0.56,32.485
08-15-2019,32.33,31.82,32.45,31.79,1410000,1.76,32.12
08-14-2019,31.77,32.13,32.5,31.75,1680000,-2.67,32.125
08-13-2019,32.64,32.09,32.83,32.03,1740000,1.4,32.43
08-12-2019,32.19,32.64,32.72,32.19,1500000,-2.01,32.455
08-09-2019,32.85,32.64,32.99,32.47,1760000,0.31,32.73
08-08-2019,32.75,32.26,32.79,32.02,2230000,2.22,32.405
08-07-2019,32.04,31.63,32.16,31.15,2830000,0.28,31.655
08-06-2019,31.95,31.67,32.05,31.4,2300000,1.59,31.725
08-05-2019,31.45,32.44,32.44,31.32,3220000,-3.68,31.88
08-02-2019,32.65,32.57,32.82,32.32,2330000,0.31,32.57
08-01-2019,32.55,32.07,32.75,32.07,2960000,1.34,32.41
07-31-2019,32.12,32.33,32.35,31.95,1780000,-0.46,32.15
07-30-2019,32.27,32.11,32.36,31.99,1770000,0.16,32.175
07-29-2019,32.22,32.7,32.74,32.14,1800000,-1.44,32.44
07-26-2019,32.69,32.6,32.8,32.46,2320000,0.46,32.63
07-25-2019,32.54,32.74,32.94,32.48,3440000,-0.61,32.71
07-24-2019,32.74,33.33,33.41,32.09,6510000,-2.62,32.75
07-23-2019,33.62,33.94,34.19,33.48,3520000,-0.91,33.835
07-22-2019,33.93,33.5,34.13,33.08,2190000,0.06,33.605
07-19-2019,33.91,34.38,34.46,33.89,1990000,-1.37,34.175
07-18-2019,34.38,34.17,34.45,34.07,2120000,0.5,34.26
07-17-2019,34.21,34.42,34.52,34.17,2410000,-0.64,34.345
07-16-2019,34.43,34.82,34.9,34.43,1990000,-0.89,34.665
07-15-2019,34.74,34.79,34.82,34.53,1560000,-0.06,34.675
07-12-2019,34.76,34.74,34.87,34.58,1600000,0.26,34.725
07-11-2019,34.67,34.35,34.71,34.2,2320000,0.96,34.455
07-10-2019,34.34,34.06,34.53,34.06,2720000,1.39,34.295
07-09-2019,33.87,33.52,33.89,33.46,1380000,0.77,33.675
07-08-2019,33.61,33.64,33.77,33.46,2520000,-0.21,33.615
07-05-2019,33.68,33.76,33.81,33.37,2310000,-0.38,33.59
07-03-2019,33.81,33.08,33.88,33.07,3540000,1.78,33.475
07-02-2019,33.22,32.48,33.3,32.34,4200000,2.59,32.82
07-01-2019,32.38,32.35,32.48,32.14,3110000,1,32.31
06-28-2019,32.06,32.03,32.26,32,2710000,0,32.13
06-27-2019,32.06,31.72,32.17,31.72,1740000,1.65,31.945
06-26-2019,31.54,32.67,32.69,31.48,4100000,-3.46,32.085
06-25-2019,32.67,32.36,32.72,32.21,2330000,1.18,32.465
06-24-2019,32.29,32.73,32.85,32.1,2000000,-1.43,32.475
06-21-2019,32.76,32.56,32.91,32.49,2930000,0.55,32.7
06-20-2019,32.58,32.33,32.63,32.18,1350000,1.27,32.405
06-19-2019,32.17,31.96,32.32,31.81,1280000,0.63,32.065
06-18-2019,31.97,31.81,32.11,31.75,1550000,0.79,31.93
06-17-2019,31.72,31.98,32.07,31.69,1300000,-0.56,31.88
06-14-2019,31.9,31.87,32,31.67,1170000,0.28,31.835
06-13-2019,31.81,31.77,31.84,31.43,1440000,-0.03,31.635
06-12-2019,31.82,31.65,31.9,31.59,1590000,0.22,31.745
06-11-2019,31.75,32.42,32.49,31.71,1320000,-1.46,32.1
06-10-2019,32.22,32.2,32.37,32.08,1300000,0.53,32.225
06-07-2019,32.05,32.02,32.32,31.85,1820000,0.28,32.085
06-06-2019,31.96,32.08,32.11,31.78,1800000,-0.31,31.945
06-05-2019,32.06,31.01,32.11,30.99,2930000,3.69,31.55
06-04-2019,30.92,30.5,30.98,30.34,1950000,2.25,30.66
06-03-2019,30.24,30.2,30.49,30.05,1920000,0.1,30.27
05-31-2019,30.21,30.11,30.33,29.91,1620000,-0.03,30.12
05-30-2019,30.22,30.2,30.5,30.1,1420000,0.37,30.3
05-29-2019,30.11,30.01,30.15,29.87,1530000,0.4,30.01
05-28-2019,29.99,30.04,30.42,29.99,2010000,-0.07,30.205
05-24-2019,30.01,30.14,30.3,29.94,983120,0,30.12
05-23-2019,30.01,29.82,30.16,29.73,1630000,-0.37,29.945
05-22-2019,30.12,30.27,30.35,30.02,1780000,-1.02,30.185
05-21-2019,30.43,30.29,30.5,30.29,1660000,1.13,30.395
05-20-2019,30.09,30,30.15,29.93,1250000,-0.03,30.04
05-17-2019,30.1,30.23,30.35,30.05,2470000,-0.69,30.2
05-16-2019,30.31,30.29,30.4,30.05,1780000,0.2,30.225
05-15-2019,30.25,30.23,30.5,30.09,1200000,-0.46,30.295
05-14-2019,30.39,30.38,30.73,30.36,1770000,0.3,30.545
05-13-2019,30.3,30.44,30.44,30.07,1850000,-1.75,30.255
05-10-2019,30.84,30.29,30.87,30.13,1780000,1.48,30.5
05-09-2019,30.39,30.05,30.46,29.86,1200000,0.2,30.16
05-08-2019,30.33,30.27,30.52,30.19,1100000,0.1,30.355
05-07-2019,30.3,30.7,30.83,30.15,1370000,-1.97,30.49
05-06-2019,30.91,30.57,30.97,30.35,1170000,0.65,30.66
05-03-2019,30.71,30.87,30.98,30.68,1260000,-0.13,30.83
05-02-2019,30.75,30.82,30.98,30.66,2070000,-0.06,30.82
05-01-2019,30.77,30.73,31.11,30.54,2150000,0.13,30.825
04-30-2019,30.73,30.48,30.77,30.45,2120000,0.82,30.61
04-29-2019,30.48,30,30.53,29.95,1880000,1.77,30.24
04-26-2019,29.95,29.88,30.03,29.59,2370000,0.47,29.81
04-25-2019,29.81,29.62,29.86,29.4,2200000,0.27,29.63
04-24-2019,29.73,29.96,30.43,29.32,2820000,-0.5,29.875
04-23-2019,29.88,29.92,30.06,29.78,3750000,-0.1,29.92
04-22-2019,29.91,29.97,30.04,29.77,1430000,-0.3,29.905
04-18-2019,30,30.09,30.19,29.93,1670000,-0.23,30.06
04-17-2019,30.07,29.94,30.12,29.84,1370000,0.5,29.98
04-16-2019,29.92,29.61,29.95,29.49,1610000,1.46,29.72
04-15-2019,29.49,29.27,29.56,29.13,1100000,0.75,29.345
04-12-2019,29.27,29.25,29.32,28.98,1940000,0.9,29.15
04-11-2019,29.01,29.22,29.27,28.84,2690000,-0.55,29.055
04-10-2019,29.17,29.29,29.31,29.02,1800000,-0.21,29.165
04-09-2019,29.23,29.45,29.62,29.15,1190000,-1.22,29.385
04-08-2019,29.59,29.54,29.79,29.33,1700000,0.2,29.56
04-05-2019,29.53,29.81,29.83,29.39,2340000,-0.67,29.61
04-04-2019,29.73,29.77,29.88,29.56,1460000,-0.13,29.72
04-03-2019,29.77,29.87,29.96,29.67,2020000,0.34,29.815
04-02-2019,29.67,29.43,29.7,29.37,2030000,0.68,29.535
04-01-2019,29.47,29.41,29.52,29.21,1950000,1.06,29.365
03-29-2019,29.16,29.09,29.28,28.97,3660000,0.86,29.125
03-28-2019,28.91,28.74,28.93,28.62,1880000,0.73,28.775
03-27-2019,28.7,28.6,28.74,28.4,3290000,0.31,28.57
03-26-2019,28.61,28.45,28.64,28.31,1620000,1.1,28.475
03-25-2019,28.3,27.98,28.45,27.98,2180000,1.22,28.215
03-22-2019,27.96,27.94,28.11,27.77,2180000,-0.57,27.94
03-21-2019,28.12,27.69,28.22,27.69,1780000,1.19,27.955
03-20-2019,27.79,28.05,28.16,27.73,1710000,-0.93,27.945
03-19-2019,28.05,28.19,28.43,27.94,1570000,-0.11,28.185
03-18-2019,28.08,27.93,28.15,27.93,2010000,0.83,28.04
03-15-2019,27.85,28,28.2,27.8,3450000,-0.54,28
03-14-2019,28,28.24,28.34,27.94,2540000,-1.23,28.14
03-13-2019,28.35,28.06,28.66,27.97,3200000,1.47,28.315
03-12-2019,27.94,28.12,28.15,27.93,2550000,-0.25,28.04
03-11-2019,28.01,27.92,28.11,27.91,2730000,0.72,28.01
03-08-2019,27.81,28.41,28.49,27.41,4720000,-2.97,27.95
03-07-2019,28.66,29.22,29.22,28.57,7260000,-1.92,28.895
03-06-2019,29.22,29.65,29.67,29.1,2940000,-1.22,29.385
03-05-2019,29.58,30.05,30.1,29.47,2520000,-1.56,29.785
03-04-2019,30.05,30.72,30.83,29.86,2380000,-1.99,30.345
03-01-2019,30.66,30.74,30.84,30.55,1990000,0.46,30.695
02-28-2019,30.52,30.29,30.53,30.29,1960000,0.83,30.41
02-27-2019,30.27,30.29,30.47,30.24,3140000,-0.33,30.355
02-26-2019,30.37,30.05,30.41,30,3730000,1.06,30.205
02-25-2019,30.05,29.81,30.19,29.8,3720000,1.25,29.995
02-22-2019,29.68,29.37,29.7,29.37,2060000,1.09,29.535
02-21-2019,29.36,29.39,29.42,29.21,2880000,0,29.315
02-20-2019,29.36,29.25,29.36,29.07,2270000,0.31,29.215
02-19-2019,29.27,29.16,29.4,29.14,2110000,0.07,29.27
02-15-2019,29.25,29.19,29.26,28.98,2640000,0.69,29.12
02-14-2019,29.05,29.08,29.65,28.84,3880000,-0.95,29.245
02-13-2019,29.33,29.28,29.44,29.23,1690000,0.48,29.335
02-12-2019,29.19,29,29.27,28.97,1500000,1,29.12
02-11-2019,28.9,29.09,29.13,28.8,1670000,-0.41,28.965
02-08-2019,29.02,28.85,29.03,28.61,1570000,0.28,28.82
02-07-2019,28.94,28.84,28.97,28.59,1830000,-0.14,28.78
02-06-2019,28.98,28.96,29.04,28.82,1440000,0.14,28.93
02-05-2019,28.94,29.02,29.02,28.7,2050000,-0.17,28.86
02-04-2019,28.99,29.14,29.15,28.63,2460000,-0.48,28.89
02-01-2019,29.13,29.35,29.56,28.95,2150000,-0.75,29.255
01-31-2019,29.35,28.79,29.39,28.7,2370000,1.56,29.045
01-30-2019,28.9,28.34,29.33,27.97,4100000,1.05,28.65
01-29-2019,28.6,28.72,28.79,28.47,3880000,-0.31,28.63
01-28-2019,28.69,28.37,28.69,28.24,1780000,0.46,28.465
01-25-2019,28.56,28.57,28.7,28.4,2280000,0.81,28.55
01-24-2019,28.33,28.16,28.36,28.08,3010000,0.32,28.22
01-23-2019,28.24,27.85,28.28,27.8,2200000,1.58,28.04
01-22-2019,27.8,27.67,27.95,27.46,2960000,0.32,27.705
01-18-2019,27.71,27.63,27.93,27.48,2050000,0.84,27.705
01-17-2019,27.48,27.65,27.77,27.38,1890000,-0.61,27.575
01-16-2019,27.65,27.13,27.72,27,2820000,2.37,27.36
01-15-2019,27.01,26.79,27.09,26.79,1430000,0.63,26.94
01-14-2019,26.84,26.68,26.96,26.68,2150000,-0.22,26.82
01-11-2019,26.9,26.67,26.93,26.53,2190000,0.19,26.73
01-10-2019,26.85,26.61,26.89,26.39,2170000,0.71,26.64
01-09-2019,26.66,26.67,26.85,26.49,2690000,0.49,26.67
01-08-2019,26.53,26.79,26.99,26.3,3320000,-0.26,26.645
01-07-2019,26.6,26.66,26.99,26.35,4260000,-2.64,26.67
01-04-2019,27.32,26.68,27.45,26.45,4150000,4,26.95
01-03-2019,26.27,27.31,27.31,26.22,3170000,-2.7,26.765
01-02-2019,27,26.87,27.34,26.86,2470000,-0.7,27.1
12-31-2018,27.19,26.97,27.35,26.85,1370000,1.3,27.1
12-28-2018,26.84,27.04,27.28,26.53,2900000,-0.22,26.905
12-27-2018,26.9,26.16,26.9,25.94,2530000,1.82,26.42
12-26-2018,26.42,25.77,26.43,25.16,2400000,3.28,25.795
12-24-2018,25.58,26.14,26.3,25.56,1710000,-3.47,25.93
12-21-2018,26.5,26.89,27.5,26.49,5000000,-1.85,26.995
12-20-2018,27,27.62,27.73,26.84,2900000,-2.42,27.285
12-19-2018,27.67,28,28.32,27.47,3050000,-0.86,27.895
12-18-2018,27.91,28.58,28.81,27.81,3020000,-1.79,28.31
12-17-2018,28.42,28.77,28.84,28.34,2630000,-1.49,28.59
12-14-2018,28.85,28.91,29.11,28.67,1610000,-0.55,28.89
12-13-2018,29.01,29.14,29.23,28.8,1750000,-0.51,29.015
12-12-2018,29.16,29.39,29.57,29.14,1680000,0.21,29.355
12-11-2018,29.1,29.42,29.87,29.08,2570000,0.24,29.475
12-10-2018,29.03,29.12,29.12,28.37,3100000,-0.31,28.745
12-07-2018,29.12,29.98,30.04,29.06,3500000,-2.8,29.55
12-06-2018,29.96,29.87,30.06,29.58,5160000,-0.56,29.82
12-04-2018,30.13,30.86,30.99,30.03,3000000,-2.43,30.51
12-03-2018,30.88,30.79,31.05,30.65,2710000,1.45,30.85
11-30-2018,30.44,30.11,30.54,30.01,2790000,1.03,30.275
11-29-2018,30.13,29.93,30.46,29.7,2220000,0.5,30.08
11-28-2018,29.98,29.96,30.07,29.55,3590000,0.54,29.81
11-27-2018,29.82,29.72,29.96,29.62,3120000,0.03,29.79
11-26-2018,29.81,29.53,29.88,29.51,3640000,1.78,29.695
11-23-2018,29.29,29,29.38,28.77,1960000,0.69,29.075
11-21-2018,29.09,29.36,29.36,29,3670000,-0.17,29.18
11-20-2018,29.14,29.42,29.42,28.78,3560000,-1.75,29.1
11-19-2018,29.66,29.56,29.77,29.48,3040000,0.27,29.625
11-16-2018,29.58,29.24,29.67,29.07,3000000,0.75,29.37
11-15-2018,29.36,28.64,29.39,28.41,2870000,2.55,28.9
11-14-2018,28.63,29.71,29.91,28.55,4440000,-3.11,29.23
11-13-2018,29.55,29.57,29.78,29.38,3170000,0.07,29.58
11-12-2018,29.53,30.13,30.18,29.44,2300000,-1.99,29.81
11-09-2018,30.13,30.31,30.44,29.87,2100000,-1.05,30.155
11-08-2018,30.45,30,30.48,30,2010000,0.66,30.24
11-07-2018,30.25,30.05,30.32,29.9,3110000,1.27,30.11
11-06-2018,29.87,29.49,29.91,29.49,2530000,0.95,29.7
11-05-2018,29.59,29.05,29.61,29.03,2450000,2.03,29.32
11-02-2018,29,29.13,29.29,28.71,2220000,0,29
11-01-2018,29,28.86,29.16,28.65,3260000,0.35,28.905
10-31-2018,28.9,28.81,29.04,28.71,3480000,1.01,28.875
10-30-2018,28.61,28.16,28.65,27.89,3540000,2.07,28.27
10-29-2018,28.03,28.12,28.36,27.7,4180000,0.68,28.03
10-26-2018,27.84,27.67,28.05,27.37,4290000,-0.07,27.71
10-25-2018,27.86,27.25,28.01,27.03,5360000,2.58,27.52
10-24-2018,27.16,27.07,27.62,26.66,7020000,-0.22,27.14
10-23-2018,27.22,26.49,27.28,26.49,5550000,0.81,26.885
10-22-2018,27,27.02,27.24,26.95,2860000,0.33,27.095
10-19-2018,26.91,26.72,27.07,26.6,2000000,0.98,26.835
10-18-2018,26.65,26.88,27.17,26.6,2490000,-0.86,26.885
10-17-2018,26.88,27.05,27.12,26.44,6770000,-1.57,26.78
10-16-2018,27.31,26.9,27.42,26.8,2420000,2.4,27.11
10-15-2018,26.67,26.64,26.89,26.6,3150000,0,26.745
10-12-2018,26.67,27.63,27.63,26.36,3730000,0.45,26.995
10-11-2018,26.55,27.2,27.43,26.32,6150000,-2.82,26.875
10-10-2018,27.32,28.08,28.22,27.29,2840000,-2.95,27.755
10-09-2018,28.15,28.23,28.33,27.8,1980000,-0.57,28.065
10-08-2018,28.31,28.48,28.52,28.04,1820000,-0.7,28.28
10-05-2018,28.51,28.68,28.82,28.39,1810000,-0.35,28.605
10-04-2018,28.61,28.56,28.97,28.47,2800000,0.07,28.72
10-03-2018,28.59,28.81,28.82,28.44,2710000,-0.17,28.63
10-02-2018,28.64,29.02,29.04,28.48,3630000,-1.38,28.76
10-01-2018,29.04,28.8,29.12,28.63,3030000,1.54,28.875
09-28-2018,28.6,28.74,28.86,28.57,3000000,-0.76,28.715
09-27-2018,28.82,28.74,28.93,28.69,3340000,0.63,28.81
09-26-2018,28.64,29.18,29.36,28.61,4140000,-2.02,28.985
09-25-2018,29.23,30,30.03,29.21,3850000,-2.44,29.62
09-24-2018,29.96,30.1,30.11,29.91,2150000,-0.73,30.01
09-21-2018,30.18,30.04,30.25,29.89,3970000,0.77,30.07
09-20-2018,29.95,30.11,30.27,29.78,2620000,-0.13,30.025
09-19-2018,29.99,29.89,30.1,29.64,2580000,-0.13,29.87
09-18-2018,30.03,29.71,30.04,29.71,2500000,1.08,29.875
09-17-2018,29.71,30.25,30.25,29.66,3090000,-1.75,29.955
09-14-2018,30.24,30.51,30.64,30.22,1520000,-1.24,30.43
09-13-2018,30.62,30.59,30.65,30.3,1970000,0.36,30.475
09-12-2018,30.51,31.27,31.38,30.45,2470000,-2.37,30.915
09-11-2018,31.25,31.05,31.39,30.93,1440000,0.39,31.16
09-10-2018,31.13,31.12,31.37,31.06,1410000,0.26,31.215
09-07-2018,31.05,31.02,31.23,30.93,1680000,0.06,31.08
09-06-2018,31.03,31.47,31.66,30.99,2260000,-1.49,31.325
09-05-2018,31.5,32.19,32.28,31.41,2830000,-2.33,31.845
09-04-2018,32.25,31.84,32.25,31.82,3190000,1.38,32.035
08-31-2018,31.81,31.47,31.85,31.33,2420000,0.98,31.59
08-30-2018,31.5,31.57,31.6,31.43,1380000,-0.38,31.515
08-29-2018,31.62,31.69,31.8,31.51,1510000,-0.25,31.655
08-28-2018,31.7,31.72,31.98,31.66,1520000,0.09,31.82
08-27-2018,31.67,31.61,31.92,31.61,2050000,0.28,31.765
08-24-2018,31.58,31.12,31.65,31.08,2090000,1.54,31.365
08-23-2018,31.1,30.95,31.19,30.95,1620000,0.48,31.07
08-22-2018,30.95,30.74,31,30.64,1400000,0.36,30.82
08-21-2018,30.84,31.06,31.12,30.81,1890000,-0.68,30.965
08-20-2018,31.05,30.97,31.12,30.93,1240000,0.13,31.025
08-17-2018,31.01,30.9,31.04,30.74,1710000,0.36,30.89
08-16-2018,30.9,31,31.07,30.73,1310000,0.65,30.9
08-15-2018,30.7,30.69,31.02,30.61,1810000,-0.49,30.815
08-14-2018,30.85,30.74,30.91,30.73,2650000,0.59,30.82
08-13-2018,30.67,30.75,31.12,30.5,1740000,-0.13,30.81
08-10-2018,30.71,30.74,31.2,30.55,2690000,-0.74,30.875
08-09-2018,30.94,31,31.21,30.88,1320000,-0.16,31.045
08-08-2018,30.99,31.16,31.21,30.94,1500000,-0.42,31.075
08-07-2018,31.12,30.78,31.19,30.73,2250000,1.53,30.96
08-06-2018,30.65,30.47,30.67,30.44,1440000,0.49,30.555
08-03-2018,30.5,30.58,30.66,30.31,1820000,-0.26,30.485
08-02-2018,30.58,30.3,30.73,30.19,2210000,0.39,30.46
08-01-2018,30.46,30.54,30.98,30.45,2550000,-0.03,30.715
07-31-2018,30.47,31.02,31.18,30.19,3950000,-1.2,30.685
07-30-2018,30.84,31.92,31.94,30.78,3820000,-3.29,31.36
07-27-2018,31.89,31.45,31.96,31.45,3740000,1.72,31.705
07-26-2018,31.35,31.36,31.54,31.29,2730000,-0.06,31.415
07-25-2018,31.37,31.33,31.43,30.77,3930000,-1.17,31.1
07-24-2018,31.74,31.89,31.89,31.68,3660000,-0.31,31.785
07-23-2018,31.84,31.6,31.85,31.58,2290000,0.54,31.715
07-20-2018,31.67,31.58,31.69,31.43,1640000,0,31.56
07-19-2018,31.67,31.71,31.96,31.63,1720000,-0.6,31.795
07-18-2018,31.86,31.51,31.88,31.47,1590000,1.21,31.675
07-17-2018,31.48,31.18,31.5,31.11,2370000,0.58,31.305
07-16-2018,31.3,31.05,31.47,31.05,1480000,0.84,31.26
07-13-2018,31.04,31.08,31.17,30.89,1830000,-0.26,31.03
07-12-2018,31.12,30.65,31.19,30.61,3550000,2.17,30.9
07-11-2018,30.46,30.1,30.52,30.1,2190000,0.69,30.31
07-10-2018,30.25,30.26,30.48,30.21,2460000,-0.46,30.345
07-09-2018,30.39,30.13,30.51,30.13,2200000,1.17,30.32
07-06-2018,30.04,30.12,30.24,29.9,2380000,-0.23,30.07
07-05-2018,30.11,30.11,30.29,29.92,1850000,0.2,30.105
07-03-2018,30.05,30.97,30.97,30,1520000,-1.67,30.485
07-02-2018,30.56,30.43,30.82,30.27,1720000,0.46,30.545
06-29-2018,30.42,30.61,30.86,30.41,2610000,-0.33,30.635
06-28-2018,30.52,30.36,30.62,30.22,2490000,0.49,30.42
06-27-2018,30.37,30.63,30.9,30.35,2780000,-0.59,30.625
06-26-2018,30.55,30.57,30.76,30.41,2520000,-0.23,30.585
06-25-2018,30.62,31.05,31.21,30.37,3670000,-1.86,30.79
06-22-2018,31.2,31.46,31.5,31.06,4270000,-0.57,31.28
06-21-2018,31.38,31.37,31.56,31.06,3170000,0.26,31.31
06-20-2018,31.3,31.44,31.56,31.27,3180000,-0.1,31.415
06-19-2018,31.33,31.22,31.36,31.07,2630000,-0.22,31.215
06-18-2018,31.4,31.47,31.62,31.37,2260000,-0.76,31.495
06-15-2018,31.64,31.52,31.7,31.34,2560000,0.16,31.52
06-14-2018,31.59,31.8,31.93,31.55,1480000,-0.57,31.74
06-13-2018,31.77,31.8,32.06,31.73,2060000,0,31.895
06-12-2018,31.77,31.79,31.87,31.58,1940000,0.22,31.725
06-11-2018,31.7,31.76,31.86,31.68,1550000,-0.03,31.77
06-08-2018,31.71,31.75,31.8,30.92,2710000,-0.09,31.36
06-07-2018,31.74,31.58,31.9,31.57,3820000,0.38,31.735
06-06-2018,31.62,31.16,31.64,31.11,3500000,1.67,31.375
06-05-2018,31.1,31.07,31.23,30.94,2890000,0.19,31.085
06-04-2018,31.04,30.83,31.14,30.78,4730000,1.11,30.96
06-01-2018,30.7,30.88,31.01,30.62,4800000,0.26,30.815
05-31-2018,30.62,31.1,31.33,30.55,3820000,-1.7,30.94
05-30-2018,31.15,30.96,31.44,30.92,4220000,1.37,31.18
05-29-2018,30.73,30.74,30.96,30.54,2710000,-0.65,30.75
05-25-2018,30.93,30.81,30.97,30.69,3250000,0.19,30.83
05-24-2018,30.87,30.59,30.91,30.36,4180000,0.78,30.635
05-23-2018,30.63,30.35,30.64,30.25,1980000,0.43,30.445
05-22-2018,30.5,30.41,30.65,30.17,2940000,0.33,30.41
05-21-2018,30.4,30.11,30.45,30.11,1430000,1.27,30.28
05-18-2018,30.02,30.13,30.2,30.01,2980000,-0.56,30.105
05-17-2018,30.19,29.99,30.24,29.9,1530000,0.37,30.07
05-16-2018,30.08,29.98,30.24,29.79,2290000,0.33,30.015
05-15-2018,29.98,30.02,30.32,29.92,2420000,-0.5,30.12
05-14-2018,30.13,30.27,30.4,30.01,2400000,-0.17,30.205
05-11-2018,30.18,30.12,30.3,30.05,1800000,0.2,30.175
05-10-2018,30.12,30.04,30.32,29.93,2170000,0.3,30.125
05-09-2018,30.03,29.5,30.11,29.35,1920000,1.97,29.73
05-08-2018,29.45,29.57,29.7,29.41,2750000,-0.34,29.555
05-07-2018,29.55,29.24,29.66,29.2,3080000,1.09,29.43
05-04-2018,29.23,28.59,29.38,28.53,3050000,1.95,28.955
05-03-2018,28.67,29.22,29.39,28.32,5250000,-2.15,28.855
05-02-2018,29.3,29.5,29.77,29.17,4040000,-1.25,29.47
05-01-2018,29.67,29.34,29.69,29.32,2060000,0.78,29.505
04-30-2018,29.44,29.63,29.92,29.44,2580000,-0.54,29.68
04-27-2018,29.6,29.44,29.65,29.25,3050000,0.71,29.45
04-26-2018,29.39,29.45,29.56,29.14,4110000,0.44,29.35
04-25-2018,29.26,28.77,29.32,28.62,3290000,1.77,28.97
04-24-2018,28.75,29.11,29.22,28.62,5280000,-0.79,28.92
04-23-2018,28.98,29.14,29.19,28.8,2300000,-0.55,28.995
04-20-2018,29.14,29,29.22,28.92,3100000,0.55,29.07
04-19-2018,28.98,28.65,29.08,28.58,2010000,1.51,28.83
04-18-2018,28.55,28.78,28.78,28.53,2560000,-0.28,28.655
04-17-2018,28.63,28.83,28.94,28.59,3980000,-0.1,28.765
04-16-2018,28.66,28.83,28.99,28.6,2320000,0.07,28.795
04-13-2018,28.64,28.94,28.98,28.56,1700000,-0.8,28.77
04-12-2018,28.87,28.52,29.01,28.52,2490000,1.01,28.765
04-11-2018,28.58,28.44,28.74,28.39,2290000,-0.24,28.565
04-10-2018,28.65,28.71,28.8,28.34,2400000,0.77,28.57
04-09-2018,28.43,28.49,28.89,28.32,1800000,0.11,28.605
04-06-2018,28.4,28.63,28.73,28.16,2810000,-1.29,28.445
04-05-2018,28.77,28.83,28.98,28.67,3170000,0.1,28.825
04-04-2018,28.74,28.47,28.8,28.38,3820000,-0.48,28.59
04-03-2018,28.88,28.53,28.9,28.37,4920000,1.3,28.635
04-02-2018,28.51,28.74,28.8,28.15,4880000,-0.8,28.475
03-29-2018,28.74,28.12,28.87,28.01,4310000,3.27,28.44
03-28-2018,27.83,27.31,28.24,27.31,4470000,1.9,27.775
03-27-2018,27.31,27.9,28.15,27.13,4140000,-1.87,27.64
03-26-2018,27.83,27.31,27.9,27.26,2550000,3.42,27.58
03-23-2018,26.91,27.4,27.55,26.87,2160000,-1.57,27.21
03-22-2018,27.34,27.87,28.04,27.31,2050000,-2.6,27.675
03-21-2018,28.07,28.04,28.3,28,1630000,0.07,28.15
03-20-2018,28.05,28,28.25,27.91,2730000,0.65,28.08
03-19-2018,27.87,27.97,28.07,27.62,1470000,-0.43,27.845
03-16-2018,27.99,28.06,28.16,27.85,3630000,-0.14,28.005
03-15-2018,28.03,28.12,28.12,27.85,1970000,-0.32,27.985
03-14-2018,28.12,28.53,28.55,28.03,1650000,-1.06,28.29
03-13-2018,28.42,28.82,28.82,28.34,1440000,-0.73,28.58
03-12-2018,28.63,28.91,29,28.39,2490000,-0.73,28.695
03-09-2018,28.84,28.47,28.89,28.36,2040000,1.94,28.625
03-08-2018,28.29,28.07,28.34,27.88,1890000,1.11,28.11
03-07-2018,27.98,27.68,28.04,27.68,1670000,0.04,27.86
03-06-2018,27.97,27.52,28.16,27.35,3700000,2.6,27.755
03-05-2018,27.26,26.73,27.31,26.66,1620000,1.49,26.985
03-02-2018,26.86,26.43,26.92,26.35,1380000,1.24,26.635
03-01-2018,26.53,27,27,26.41,1980000,-1.45,26.705
02-28-2018,26.92,27.38,27.57,26.91,2120000,-1.14,27.24
02-27-2018,27.23,27.25,27.51,27.08,3140000,0.04,27.295
02-26-2018,27.22,27.03,27.24,26.89,3390000,1.45,27.065
02-23-2018,26.83,26.22,26.83,26.17,4320000,2.92,26.5
02-22-2018,26.07,26.44,26.55,25.99,1470000,-1.14,26.27
02-21-2018,26.37,26.35,26.89,26.28,2690000,0.38,26.585
02-20-2018,26.27,26.28,26.81,26.18,3480000,-0.27,26.495
02-16-2018,26.34,26.64,26.77,26.29,3220000,-1.68,26.53
02-15-2018,26.79,26.81,26.89,26.2,2630000,0.75,26.545
02-14-2018,26.59,26.07,26.62,25.97,3740000,1.6,26.295
02-13-2018,26.17,25.79,26.22,25.69,2570000,1.24,25.955
02-12-2018,25.85,25.68,26.05,25.68,3420000,1.89,25.865
02-09-2018,25.37,25.07,25.55,24.61,5030000,1.2,25.08
02-08-2018,25.07,25.72,25.98,24.93,4960000,-2.68,25.455
02-07-2018,25.76,25.84,26.22,25.75,4360000,-0.58,25.985
02-06-2018,25.91,24.97,26,24.33,8920000,0.35,25.165
02-05-2018,25.82,26.53,26.99,25.73,6290000,-3.58,26.36
02-02-2018,26.78,27.01,27.27,26.76,4490000,-1.25,27.015
02-01-2018,27.12,26.77,27.39,26.72,3830000,0.56,27.055
01-31-2018,26.97,27.35,27.76,26.84,5400000,-1.14,27.3
01-30-2018,27.28,27.16,27.41,27.12,4460000,0.26,27.265
01-29-2018,27.21,27.12,27.45,27.08,4700000,0.33,27.265
01-26-2018,27.12,27.13,27.13,26.92,1510000,0.22,27.025
01-25-2018,27.06,27.09,27.28,26.95,2190000,0,27.115
01-24-2018,27.06,26.84,27.11,26.64,2400000,1.2,26.875
01-23-2018,26.74,26.9,26.95,26.6,1430000,-0.52,26.775
01-22-2018,26.88,26.8,26.89,26.7,2440000,0.71,26.795
01-19-2018,26.69,26.65,26.78,26.61,2030000,0.3,26.695
01-18-2018,26.61,26.73,26.75,26.3,5170000,-0.78,26.525
01-17-2018,26.82,26.94,26.94,26.77,2040000,0.04,26.855
01-16-2018,26.81,27.29,27.38,26.74,2160000,-1.22,27.06
01-12-2018,27.14,26.9,27.18,26.75,2770000,1.19,26.965
01-11-2018,26.82,27.1,27.1,26.65,2180000,-0.96,26.875
01-10-2018,27.08,26.8,27.13,26.71,2790000,1.35,26.92
01-09-2018,26.72,26.72,26.92,26.7,1810000,0.26,26.81
01-08-2018,26.65,26.42,26.84,26.4,2540000,0.95,26.62
01-05-2018,26.4,26.34,26.52,26.23,2800000,0.65,26.375
01-04-2018,26.23,25.88,26.32,25.85,2940000,1.31,26.085
01-03-2018,25.89,25.55,25.96,25.53,3040000,1.21,25.745
01-02-2018,25.58,25.72,25.77,25.49,3390000,-0.12,25.63